datetime,temp,wind_direction,wind_speed,local_datetime,precip_quantity_6hour
2017-03-01 06:00:00,5.7,232.1,3.219,2017-03-01 07:00:00,2.0
2017-03-01 12:00:00,7.7,218.3,5.468,2017-03-01 13:00:00,0.40000000000000013
2017-03-01 18:00:00,5.9,155.5,3.412,2017-03-01 19:00:00,0.40000000000000013
2017-03-02 00:00:00,7.5,231.7,4.591,2017-03-02 01:00:00,1.4000000000000001
2017-03-02 06:00:00,6.2,246.1,6.096,2017-03-02 07:00:00,0.8000000000000003
2017-03-02 12:00:00,8.2,252.2,8.13,2017-03-02 13:00:00,2.7755575615628914e-16
2017-03-02 18:00:00,7.8,239.6,4.055,2017-03-02 19:00:00,2.7755575615628914e-16
2017-03-03 00:00:00,4.6,175.3,2.35,2017-03-03 01:00:00,2.7755575615628914e-16
2017-03-03 06:00:00,4.3,149.3,4.475,2017-03-03 07:00:00,2.7755575615628914e-16
2017-03-03 12:00:00,10.1,149.0,6.468,2017-03-03 13:00:00,0.10000000000000028
2017-03-03 18:00:00,11.6,156.3,6.085,2017-03-03 19:00:00,2.7755575615628914e-16
2017-03-04 00:00:00,11.6,162.3,6.111000000000001,2017-03-04 01:00:00,2.7755575615628914e-16
2017-03-04 06:00:00,8.8,155.7,4.5089999999999995,2017-03-04 07:00:00,2.7755575615628914e-16
2017-03-04 12:00:00,10.4,214.5,2.931,2017-03-04 13:00:00,0.4000000000000003
2017-03-04 18:00:00,6.6,270.8,3.5869999999999997,2017-03-04 19:00:00,0.5000000000000002
2017-03-05 00:00:00,7.2,203.8,5.4639999999999995,2017-03-05 01:00:00,0.5000000000000002
2017-03-05 06:00:00,6.3,204.0,4.838,2017-03-05 07:00:00,1.942890293094024e-16
2017-03-05 12:00:00,6.4,179.4,9.25,2017-03-05 13:00:00,1.942890293094024e-16
2017-03-05 18:00:00,5.9,207.9,4.774,2017-03-05 19:00:00,4.8
2017-03-06 00:00:00,5.1,204.8,6.707999999999999,2017-03-06 01:00:00,2.7755575615628914e-16
2017-03-06 06:00:00,4.9,245.0,4.015,2017-03-06 07:00:00,2.1
2017-03-06 12:00:00,7.2,254.9,3.9930000000000003,2017-03-06 13:00:00,0.5000000000000002
2017-03-06 18:00:00,6.0,297.8,3.779,2017-03-06 19:00:00,1.3000000000000003
2017-03-07 00:00:00,4.5,242.5,2.762,2017-03-07 01:00:00,2.1
2017-03-07 06:00:00,5.4,278.1,2.395,2017-03-07 07:00:00,1.7999999999999998
2017-03-07 12:00:00,9.2,258.4,4.437,2017-03-07 13:00:00,-1.1102230246251565e-16
2017-03-07 18:00:00,6.1,292.2,1.724,2017-03-07 19:00:00,-1.1102230246251565e-16
2017-03-08 00:00:00,4.5,189.8,3.179,2017-03-08 01:00:00,-1.1102230246251565e-16
2017-03-08 06:00:00,5.4,174.2,5.937,2017-03-08 07:00:00,-1.1102230246251565e-16
2017-03-08 12:00:00,8.1,211.8,6.272,2017-03-08 13:00:00,4.3999999999999995
2017-03-08 18:00:00,10.6,256.1,5.37,2017-03-08 19:00:00,4.1
2017-03-09 00:00:00,9.8,237.0,2.162,2017-03-09 01:00:00,4.6
2017-03-09 06:00:00,9.8,226.1,4.3069999999999995,2017-03-09 07:00:00,1.0999999999999996
2017-03-09 12:00:00,12.1,254.8,4.8,2017-03-09 13:00:00,0.09999999999999964
2017-03-09 18:00:00,11.4,302.0,4.11,2017-03-09 19:00:00,-3.608224830031759e-16
2017-03-10 00:00:00,4.6,37.7,1.929,2017-03-10 01:00:00,-3.608224830031759e-16
2017-03-10 06:00:00,3.2,145.9,1.361,2017-03-10 07:00:00,-3.608224830031759e-16
2017-03-10 12:00:00,10.2,104.1,1.865,2017-03-10 13:00:00,-3.608224830031759e-16
2017-03-10 18:00:00,8.3,94.4,1.81,2017-03-10 19:00:00,-3.608224830031759e-16
2017-03-11 00:00:00,6.1,129.8,2.387,2017-03-11 01:00:00,-3.608224830031759e-16
2017-03-11 06:00:00,4.1,122.8,3.0469999999999997,2017-03-11 07:00:00,-3.608224830031759e-16
2017-03-11 12:00:00,13.4,116.5,1.3630000000000002,2017-03-11 13:00:00,-3.608224830031759e-16
2017-03-11 18:00:00,10.8,75.3,2.634,2017-03-11 19:00:00,-3.608224830031759e-16
2017-03-12 00:00:00,6.0,127.8,2.7889999999999997,2017-03-12 01:00:00,-3.608224830031759e-16
2017-03-12 06:00:00,3.8,112.2,3.278,2017-03-12 07:00:00,-3.608224830031759e-16
2017-03-12 12:00:00,16.8,178.9,1.8119999999999998,2017-03-12 13:00:00,-3.608224830031759e-16
2017-03-12 18:00:00,13.1,24.8,2.046,2017-03-12 19:00:00,-3.608224830031759e-16
2017-03-13 00:00:00,5.6,288.0,1.088,2017-03-13 01:00:00,-3.608224830031759e-16
2017-03-13 06:00:00,3.3,221.8,1.704,2017-03-13 07:00:00,-3.608224830031759e-16
2017-03-13 12:00:00,13.0,332.7,3.512,2017-03-13 13:00:00,-3.608224830031759e-16
2017-03-13 18:00:00,10.1,323.8,2.6319999999999997,2017-03-13 19:00:00,-3.608224830031759e-16
2017-03-14 00:00:00,4.5,220.5,1.9869999999999999,2017-03-14 01:00:00,-3.608224830031759e-16
2017-03-14 06:00:00,3.9,223.4,2.204,2017-03-14 07:00:00,-3.608224830031759e-16
2017-03-14 12:00:00,12.4,250.4,3.8939999999999997,2017-03-14 13:00:00,-3.608224830031759e-16
2017-03-14 18:00:00,10.9,231.7,2.12,2017-03-14 19:00:00,-3.608224830031759e-16
2017-03-15 00:00:00,9.3,219.2,2.1830000000000003,2017-03-15 01:00:00,-3.608224830031759e-16
2017-03-15 06:00:00,8.9,262.9,1.4909999999999999,2017-03-15 07:00:00,-3.608224830031759e-16
2017-03-15 12:00:00,15.3,258.9,2.003,2017-03-15 13:00:00,-3.608224830031759e-16
2017-03-15 18:00:00,13.6,357.8,2.9610000000000003,2017-03-15 19:00:00,-3.608224830031759e-16
2017-03-16 00:00:00,7.3,118.7,2.286,2017-03-16 01:00:00,-3.608224830031759e-16
2017-03-16 06:00:00,5.6,203.7,1.228,2017-03-16 07:00:00,-3.608224830031759e-16
2017-03-16 12:00:00,16.3,156.5,2.366,2017-03-16 13:00:00,-3.608224830031759e-16
2017-03-16 18:00:00,15.1,203.0,2.4330000000000003,2017-03-16 19:00:00,-3.608224830031759e-16
2017-03-17 00:00:00,9.2,233.8,1.465,2017-03-17 01:00:00,-3.608224830031759e-16
2017-03-17 06:00:00,8.4,268.5,2.4930000000000003,2017-03-17 07:00:00,-3.608224830031759e-16
2017-03-17 12:00:00,10.1,283.4,4.975,2017-03-17 13:00:00,-3.608224830031759e-16
2017-03-17 18:00:00,9.5,249.4,5.334,2017-03-17 19:00:00,-3.608224830031759e-16
2017-03-18 00:00:00,6.5,223.8,8.74,2017-03-18 01:00:00,0.3999999999999997
2017-03-18 06:00:00,8.8,243.9,5.0489999999999995,2017-03-18 07:00:00,5.499999999999999
2017-03-18 12:00:00,11.1,251.9,4.747,2017-03-18 13:00:00,4.800000000000002
2017-03-18 18:00:00,10.9,240.3,3.387,2017-03-18 19:00:00,1.6000000000000016
2017-03-19 00:00:00,10.4,240.9,4.245,2017-03-19 01:00:00,1.1000000000000016
2017-03-19 06:00:00,9.9,242.7,3.7910000000000004,2017-03-19 07:00:00,0.10000000000000175
2017-03-19 12:00:00,10.6,239.6,6.313,2017-03-19 13:00:00,1.7486012637846216e-15
2017-03-19 18:00:00,11.3,244.0,5.63,2017-03-19 19:00:00,1.7486012637846216e-15
2017-03-20 00:00:00,10.1,228.4,5.267,2017-03-20 01:00:00,1.7486012637846216e-15
2017-03-20 06:00:00,9.7,225.7,5.896,2017-03-20 07:00:00,1.7486012637846216e-15
2017-03-20 12:00:00,10.4,202.5,6.1339999999999995,2017-03-20 13:00:00,1.7486012637846216e-15
2017-03-20 18:00:00,10.8,207.6,5.922000000000001,2017-03-20 19:00:00,1.7486012637846216e-15
2017-03-21 00:00:00,10.1,232.7,5.001,2017-03-21 01:00:00,1.7486012637846216e-15
2017-03-21 06:00:00,7.8,228.9,4.069,2017-03-21 07:00:00,1.7486012637846216e-15
2017-03-21 12:00:00,9.4,274.3,5.348,2017-03-21 13:00:00,1.7486012637846216e-15
2017-03-21 18:00:00,8.1,240.0,2.3080000000000003,2017-03-21 19:00:00,1.7486012637846216e-15
2017-03-22 00:00:00,2.9,128.7,1.607,2017-03-22 01:00:00,1.7486012637846216e-15
2017-03-22 06:00:00,2.9,149.8,4.7,2017-03-22 07:00:00,1.7486012637846216e-15
2017-03-22 12:00:00,10.9,163.8,5.175,2017-03-22 13:00:00,1.7486012637846216e-15
2017-03-22 18:00:00,9.8,130.0,4.022,2017-03-22 19:00:00,1.7486012637846216e-15
2017-03-23 00:00:00,5.7,103.2,3.7260000000000004,2017-03-23 01:00:00,1.7486012637846216e-15
2017-03-23 06:00:00,2.8,70.1,2.927,2017-03-23 07:00:00,1.7486012637846216e-15
2017-03-23 12:00:00,13.8,81.2,3.912,2017-03-23 13:00:00,1.7486012637846216e-15
2017-03-23 18:00:00,13.1,55.7,3.877,2017-03-23 19:00:00,1.7486012637846216e-15
2017-03-24 00:00:00,8.4,77.7,3.8819999999999997,2017-03-24 01:00:00,1.7486012637846216e-15
2017-03-24 06:00:00,5.7,77.0,3.803,2017-03-24 07:00:00,1.7486012637846216e-15
2017-03-24 12:00:00,11.1,55.1,5.087,2017-03-24 13:00:00,1.7486012637846216e-15
2017-03-24 18:00:00,12.2,50.6,3.988,2017-03-24 19:00:00,1.7486012637846216e-15
2017-03-25 00:00:00,7.8,63.5,4.365,2017-03-25 01:00:00,1.7486012637846216e-15
2017-03-25 06:00:00,4.2,50.3,5.301,2017-03-25 07:00:00,1.7486012637846216e-15
2017-03-25 12:00:00,13.7,66.4,6.957000000000001,2017-03-25 13:00:00,1.7486012637846216e-15
2017-03-25 18:00:00,13.1,49.1,5.553999999999999,2017-03-25 19:00:00,1.7486012637846216e-15
2017-03-26 00:00:00,8.5,54.0,5.944,2017-03-26 01:00:00,1.7486012637846216e-15
2017-03-26 06:00:00,5.0,68.5,4.103,2017-03-26 08:00:00,1.7486012637846216e-15
2017-03-26 12:00:00,13.7,40.6,2.905,2017-03-26 14:00:00,1.7486012637846216e-15
2017-03-26 18:00:00,13.3,66.4,3.8160000000000003,2017-03-26 20:00:00,1.7486012637846216e-15
2017-03-27 00:00:00,7.0,89.0,2.8280000000000003,2017-03-27 02:00:00,1.7486012637846216e-15
2017-03-27 06:00:00,5.1,99.3,2.877,2017-03-27 08:00:00,1.7486012637846216e-15
2017-03-27 12:00:00,16.6,78.6,4.035,2017-03-27 14:00:00,1.7486012637846216e-15
2017-03-27 18:00:00,14.6,119.9,1.472,2017-03-27 20:00:00,1.7486012637846216e-15
2017-03-28 00:00:00,7.5,186.7,1.374,2017-03-28 02:00:00,1.7486012637846216e-15
2017-03-28 06:00:00,7.3,164.9,1.419,2017-03-28 08:00:00,1.7486012637846216e-15
2017-03-28 12:00:00,18.5,235.9,3.327,2017-03-28 14:00:00,1.7486012637846216e-15
2017-03-28 18:00:00,16.3,222.6,4.208,2017-03-28 20:00:00,1.7486012637846216e-15
2017-03-29 00:00:00,11.1,218.0,3.415,2017-03-29 02:00:00,1.7486012637846216e-15
2017-03-29 06:00:00,10.4,221.3,4.68,2017-03-29 08:00:00,1.7486012637846216e-15
2017-03-29 12:00:00,13.4,233.3,3.613,2017-03-29 14:00:00,1.7486012637846216e-15
2017-03-29 18:00:00,15.4,236.3,2.545,2017-03-29 20:00:00,1.7486012637846216e-15
2017-03-30 00:00:00,11.9,167.2,4.336,2017-03-30 02:00:00,1.7486012637846216e-15
2017-03-30 06:00:00,11.9,163.4,3.924,2017-03-30 08:00:00,1.7486012637846216e-15
2017-03-30 12:00:00,21.8,200.8,4.033,2017-03-30 14:00:00,1.7486012637846216e-15
2017-03-30 18:00:00,19.8,166.7,2.648,2017-03-30 20:00:00,1.7486012637846216e-15
2017-03-31 00:00:00,15.9,144.2,5.182,2017-03-31 02:00:00,1.7486012637846216e-15
2017-03-31 06:00:00,13.1,154.9,5.557,2017-03-31 08:00:00,1.7486012637846216e-15
2017-03-31 12:00:00,19.2,206.5,7.44,2017-03-31 14:00:00,1.7486012637846216e-15
2017-03-31 18:00:00,16.1,183.8,3.737,2017-03-31 20:00:00,1.7486012637846216e-15
2017-04-01 00:00:00,10.6,130.2,1.9869999999999999,2017-04-01 02:00:00,1.7486012637846216e-15
2017-04-01 06:00:00,10.4,219.4,1.9980000000000002,2017-04-01 08:00:00,0.8000000000000018
2017-04-01 12:00:00,13.9,204.1,3.03,2017-04-01 14:00:00,2.0000000000000018
2017-04-01 18:00:00,12.6,155.6,1.505,2017-04-01 20:00:00,0.6000000000000018
2017-04-02 00:00:00,8.7,180.4,2.221,2017-04-02 02:00:00,1.7763568394002505e-15
2017-04-02 06:00:00,5.6,226.0,1.412,2017-04-02 08:00:00,1.7763568394002505e-15
2017-04-02 12:00:00,15.2,293.9,2.97,2017-04-02 14:00:00,1.7763568394002505e-15
2017-04-02 18:00:00,13.7,350.3,3.8539999999999996,2017-04-02 20:00:00,1.7763568394002505e-15
2017-04-03 00:00:00,7.0,23.5,1.2830000000000001,2017-04-03 02:00:00,1.7763568394002505e-15
2017-04-03 06:00:00,5.3,338.6,1.0,2017-04-03 08:00:00,1.7763568394002505e-15
2017-04-03 12:00:00,13.5,28.9,1.5490000000000002,2017-04-03 14:00:00,1.7763568394002505e-15
2017-04-03 18:00:00,13.5,89.3,1.473,2017-04-03 20:00:00,1.7763568394002505e-15
2017-04-04 00:00:00,7.7,132.7,3.2539999999999996,2017-04-04 02:00:00,1.7763568394002505e-15
2017-04-04 06:00:00,5.2,253.7,1.7369999999999999,2017-04-04 08:00:00,1.7763568394002505e-15
2017-04-04 12:00:00,14.9,294.3,3.27,2017-04-04 14:00:00,1.7763568394002505e-15
2017-04-04 18:00:00,12.2,319.1,4.101,2017-04-04 20:00:00,1.7763568394002505e-15
2017-04-05 00:00:00,7.4,334.3,2.548,2017-04-05 02:00:00,1.7763568394002505e-15
2017-04-05 06:00:00,8.0,338.2,3.272,2017-04-05 08:00:00,1.7763568394002505e-15
2017-04-05 12:00:00,12.4,318.8,3.068,2017-04-05 14:00:00,1.7763568394002505e-15
2017-04-05 18:00:00,9.3,332.4,5.598,2017-04-05 20:00:00,1.7763568394002505e-15
2017-04-06 00:00:00,6.1,342.3,2.787,2017-04-06 02:00:00,1.7763568394002505e-15
2017-04-06 06:00:00,5.3,270.1,1.354,2017-04-06 08:00:00,1.7763568394002505e-15
2017-04-06 12:00:00,9.6,351.7,2.7039999999999997,2017-04-06 14:00:00,1.7763568394002505e-15
2017-04-06 18:00:00,9.7,311.4,1.828,2017-04-06 20:00:00,1.7763568394002505e-15
2017-04-07 00:00:00,4.0,157.4,1.829,2017-04-07 02:00:00,1.7763568394002505e-15
2017-04-07 06:00:00,3.9,227.4,1.9980000000000002,2017-04-07 08:00:00,1.7763568394002505e-15
2017-04-07 12:00:00,12.8,295.5,3.4589999999999996,2017-04-07 14:00:00,1.7763568394002505e-15
2017-04-07 18:00:00,11.9,332.4,3.6710000000000003,2017-04-07 20:00:00,1.7763568394002505e-15
2017-04-08 00:00:00,6.8,326.5,1.5619999999999998,2017-04-08 02:00:00,1.7763568394002505e-15
2017-04-08 06:00:00,6.2,,0.0,2017-04-08 08:00:00,1.7763568394002505e-15
2017-04-08 12:00:00,14.0,36.1,1.439,2017-04-08 14:00:00,1.7763568394002505e-15
2017-04-08 18:00:00,14.5,54.7,2.345,2017-04-08 20:00:00,1.7763568394002505e-15
2017-04-09 00:00:00,7.1,94.9,2.136,2017-04-09 02:00:00,1.7763568394002505e-15
2017-04-09 06:00:00,6.6,134.8,2.895,2017-04-09 08:00:00,1.7763568394002505e-15
2017-04-09 12:00:00,20.7,197.6,2.5980000000000003,2017-04-09 14:00:00,1.7763568394002505e-15
2017-04-09 18:00:00,20.7,205.1,2.628,2017-04-09 20:00:00,1.7763568394002505e-15
2017-04-10 00:00:00,12.6,197.5,2.739,2017-04-10 02:00:00,1.7763568394002505e-15
2017-04-10 06:00:00,10.3,308.2,2.29,2017-04-10 08:00:00,1.7763568394002505e-15
2017-04-10 12:00:00,11.7,343.3,3.22,2017-04-10 14:00:00,1.7763568394002505e-15
2017-04-10 18:00:00,10.0,331.3,4.152,2017-04-10 20:00:00,1.7763568394002505e-15
2017-04-11 00:00:00,5.9,309.5,1.9680000000000002,2017-04-11 02:00:00,1.7763568394002505e-15
2017-04-11 06:00:00,4.1,256.7,1.4080000000000001,2017-04-11 08:00:00,1.7763568394002505e-15
2017-04-11 12:00:00,13.0,237.4,2.513,2017-04-11 14:00:00,1.7763568394002505e-15
2017-04-11 18:00:00,13.3,256.4,1.935,2017-04-11 20:00:00,1.7763568394002505e-15
2017-04-12 00:00:00,7.3,237.8,2.15,2017-04-12 02:00:00,1.7763568394002505e-15
2017-04-12 06:00:00,6.0,224.5,3.2710000000000004,2017-04-12 08:00:00,1.7763568394002505e-15
2017-04-12 12:00:00,15.0,244.2,5.037,2017-04-12 14:00:00,1.7763568394002505e-15
2017-04-12 18:00:00,10.3,265.2,3.9539999999999997,2017-04-12 20:00:00,1.7763568394002505e-15
2017-04-13 00:00:00,8.9,242.3,2.745,2017-04-13 02:00:00,1.7763568394002505e-15
2017-04-13 06:00:00,7.0,272.9,2.9760000000000004,2017-04-13 08:00:00,0.5000000000000018
2017-04-13 12:00:00,11.9,275.4,3.444,2017-04-13 14:00:00,1.7763568394002505e-15
2017-04-13 18:00:00,10.7,315.6,4.325,2017-04-13 20:00:00,1.7763568394002505e-15
2017-04-14 00:00:00,4.2,223.2,1.354,2017-04-14 02:00:00,1.7763568394002505e-15
2017-04-14 06:00:00,3.9,207.2,1.3219999999999998,2017-04-14 08:00:00,1.7763568394002505e-15
2017-04-14 12:00:00,10.5,271.2,2.812,2017-04-14 14:00:00,1.7763568394002505e-15
2017-04-14 18:00:00,12.0,261.1,2.531,2017-04-14 20:00:00,1.7763568394002505e-15
2017-04-15 00:00:00,8.0,232.8,2.636,2017-04-15 02:00:00,1.7763568394002505e-15
2017-04-15 06:00:00,7.8,243.3,2.017,2017-04-15 08:00:00,0.6000000000000018
2017-04-15 12:00:00,10.4,269.1,3.36,2017-04-15 14:00:00,1.800000000000002
2017-04-15 18:00:00,10.0,288.4,4.156000000000001,2017-04-15 20:00:00,1.887379141862766e-15
2017-04-16 00:00:00,4.0,227.5,1.776,2017-04-16 02:00:00,1.887379141862766e-15
2017-04-16 06:00:00,5.5,260.1,2.391,2017-04-16 08:00:00,1.887379141862766e-15
2017-04-16 12:00:00,10.7,282.3,5.233,2017-04-16 14:00:00,1.887379141862766e-15
2017-04-16 18:00:00,10.1,295.6,3.6289999999999996,2017-04-16 20:00:00,1.887379141862766e-15
2017-04-17 00:00:00,8.0,223.2,2.2230000000000003,2017-04-17 02:00:00,0.6000000000000019
2017-04-17 06:00:00,8.8,266.1,3.4130000000000003,2017-04-17 08:00:00,0.6000000000000019
2017-04-17 12:00:00,8.6,352.7,4.128,2017-04-17 14:00:00,3.5000000000000018
2017-04-17 18:00:00,8.1,334.8,5.0169999999999995,2017-04-17 20:00:00,1.7763568394002505e-15
2017-04-18 00:00:00,4.1,310.2,2.059,2017-04-18 02:00:00,1.7763568394002505e-15
2017-04-18 06:00:00,2.2,219.2,1.082,2017-04-18 08:00:00,1.7763568394002505e-15
2017-04-18 12:00:00,8.3,8.9,1.7890000000000001,2017-04-18 14:00:00,1.9000000000000017
2017-04-18 18:00:00,8.2,9.8,3.889,2017-04-18 20:00:00,0.2000000000000018
2017-04-19 00:00:00,4.2,39.0,3.7239999999999998,2017-04-19 02:00:00,1.7763568394002505e-15
2017-04-19 06:00:00,1.3,36.9,3.8280000000000003,2017-04-19 08:00:00,1.7763568394002505e-15
2017-04-19 12:00:00,7.7,44.8,5.779,2017-04-19 14:00:00,1.7763568394002505e-15
2017-04-19 18:00:00,7.5,48.2,4.591,2017-04-19 20:00:00,1.7763568394002505e-15
2017-04-20 00:00:00,0.6,98.6,1.619,2017-04-20 02:00:00,1.7763568394002505e-15
2017-04-20 06:00:00,0.1,57.2,1.0,2017-04-20 08:00:00,1.7763568394002505e-15
2017-04-20 12:00:00,9.9,283.5,2.696,2017-04-20 14:00:00,1.7763568394002505e-15
2017-04-20 18:00:00,10.6,274.1,1.7530000000000001,2017-04-20 20:00:00,1.7763568394002505e-15
2017-04-21 00:00:00,5.0,203.4,1.5530000000000002,2017-04-21 02:00:00,1.7763568394002505e-15
2017-04-21 06:00:00,7.2,211.3,2.351,2017-04-21 08:00:00,1.7763568394002505e-15
2017-04-21 12:00:00,14.2,249.1,3.219,2017-04-21 14:00:00,1.7763568394002505e-15
2017-04-21 18:00:00,12.2,288.7,1.9469999999999998,2017-04-21 20:00:00,1.7763568394002505e-15
2017-04-22 00:00:00,10.3,248.5,1.8359999999999999,2017-04-22 02:00:00,1.7763568394002505e-15
2017-04-22 06:00:00,7.3,26.4,5.388,2017-04-22 08:00:00,1.7763568394002505e-15
2017-04-22 12:00:00,10.0,323.6,1.936,2017-04-22 14:00:00,0.6000000000000019
2017-04-22 18:00:00,9.0,338.7,5.3389999999999995,2017-04-22 20:00:00,1.8318679906315083e-15
2017-04-23 00:00:00,3.8,293.5,1.757,2017-04-23 02:00:00,1.8318679906315083e-15
2017-04-23 06:00:00,2.8,239.8,1.631,2017-04-23 08:00:00,1.8318679906315083e-15
2017-04-23 12:00:00,10.3,20.2,3.09,2017-04-23 14:00:00,1.8318679906315083e-15
2017-04-23 18:00:00,10.5,48.2,2.0540000000000003,2017-04-23 20:00:00,1.8318679906315083e-15
2017-04-24 00:00:00,3.6,137.9,2.8689999999999998,2017-04-24 02:00:00,1.8318679906315083e-15
2017-04-24 06:00:00,5.0,203.4,1.955,2017-04-24 08:00:00,1.8318679906315083e-15
2017-04-24 12:00:00,13.5,251.4,4.09,2017-04-24 14:00:00,1.8318679906315083e-15
2017-04-24 18:00:00,12.7,241.9,2.62,2017-04-24 20:00:00,1.8318679906315083e-15
2017-04-25 00:00:00,6.9,319.4,4.056,2017-04-25 02:00:00,1.8318679906315083e-15
2017-04-25 06:00:00,4.6,278.7,3.978,2017-04-25 08:00:00,1.8000000000000018
2017-04-25 12:00:00,5.2,232.3,1.246,2017-04-25 14:00:00,0.20000000000000173
2017-04-25 18:00:00,7.4,335.4,4.15,2017-04-25 20:00:00,1.5000000000000018
2017-04-26 00:00:00,1.3,235.8,1.825,2017-04-26 02:00:00,1.8318679906315083e-15
2017-04-26 06:00:00,2.1,244.3,1.975,2017-04-26 08:00:00,0.20000000000000184
2017-04-26 12:00:00,9.3,325.7,3.58,2017-04-26 14:00:00,1.8318679906315083e-15
2017-04-26 18:00:00,6.8,29.5,1.819,2017-04-26 20:00:00,0.5000000000000018
2017-04-27 00:00:00,3.7,311.6,1.7730000000000001,2017-04-27 02:00:00,1.8318679906315083e-15
2017-04-27 06:00:00,1.8,252.9,1.0,2017-04-27 08:00:00,1.8318679906315083e-15
2017-04-27 12:00:00,8.6,319.3,2.4619999999999997,2017-04-27 14:00:00,1.8318679906315083e-15
2017-04-27 18:00:00,8.3,303.1,1.965,2017-04-27 20:00:00,1.8318679906315083e-15
2017-04-28 00:00:00,5.1,188.3,1.9080000000000001,2017-04-28 02:00:00,1.8318679906315083e-15
2017-04-28 06:00:00,5.4,232.9,2.004,2017-04-28 08:00:00,0.10000000000000184
2017-04-28 12:00:00,10.7,294.9,3.967,2017-04-28 14:00:00,0.3000000000000018
2017-04-28 18:00:00,9.9,327.2,3.233,2017-04-28 20:00:00,1.8041124150158794e-15
2017-04-29 00:00:00,5.7,241.8,1.3769999999999998,2017-04-29 02:00:00,1.8041124150158794e-15
2017-04-29 06:00:00,4.4,168.1,1.4040000000000001,2017-04-29 08:00:00,1.8041124150158794e-15
2017-04-29 12:00:00,12.9,97.9,2.459,2017-04-29 14:00:00,1.8041124150158794e-15
2017-04-29 18:00:00,12.2,73.4,3.2439999999999998,2017-04-29 20:00:00,1.8041124150158794e-15
2017-04-30 00:00:00,7.2,95.6,3.4989999999999997,2017-04-30 02:00:00,1.8041124150158794e-15
2017-04-30 06:00:00,6.5,111.8,4.415,2017-04-30 08:00:00,1.8041124150158794e-15
2017-04-30 12:00:00,18.9,127.0,8.1,2017-04-30 14:00:00,1.8041124150158794e-15
2017-04-30 18:00:00,18.4,117.8,4.547,2017-04-30 20:00:00,1.8041124150158794e-15
2017-05-01 00:00:00,13.0,207.5,4.827,2017-05-01 02:00:00,1.8041124150158794e-15
2017-05-01 06:00:00,9.7,171.8,5.095,2017-05-01 08:00:00,1.8041124150158794e-15
2017-05-01 12:00:00,11.0,192.3,3.295,2017-05-01 14:00:00,1.8041124150158794e-15
2017-05-01 18:00:00,13.7,221.4,1.469,2017-05-01 20:00:00,1.8041124150158794e-15
2017-05-02 00:00:00,6.8,102.1,1.785,2017-05-02 02:00:00,1.8041124150158794e-15
2017-05-02 06:00:00,6.9,14.3,1.399,2017-05-02 08:00:00,1.8041124150158794e-15
2017-05-02 12:00:00,10.6,16.4,2.539,2017-05-02 14:00:00,1.8041124150158794e-15
2017-05-02 18:00:00,10.6,313.8,1.9609999999999999,2017-05-02 20:00:00,1.7000000000000015
2017-05-03 00:00:00,9.1,41.0,1.808,2017-05-03 02:00:00,1.5543122344752192e-15
2017-05-03 06:00:00,7.8,13.1,1.037,2017-05-03 08:00:00,3.5000000000000018
2017-05-03 12:00:00,10.4,61.2,2.8939999999999997,2017-05-03 14:00:00,2.200000000000002
2017-05-03 18:00:00,10.8,46.4,3.8160000000000003,2017-05-03 20:00:00,1.942890293094024e-15
2017-05-04 00:00:00,9.5,45.1,2.6180000000000003,2017-05-04 02:00:00,4.000000000000002
2017-05-04 06:00:00,9.6,30.2,3.312,2017-05-04 08:00:00,1.700000000000002
2017-05-04 12:00:00,11.1,29.5,2.968,2017-05-04 14:00:00,0.9000000000000018
2017-05-04 18:00:00,13.6,61.0,2.813,2017-05-04 20:00:00,1.7486012637846216e-15
2017-05-05 00:00:00,9.8,45.0,3.471,2017-05-05 02:00:00,1.7486012637846216e-15
2017-05-05 06:00:00,8.0,30.2,3.8110000000000004,2017-05-05 08:00:00,1.7486012637846216e-15
2017-05-05 12:00:00,12.0,69.5,2.043,2017-05-05 14:00:00,1.7486012637846216e-15
2017-05-05 18:00:00,11.8,45.4,3.096,2017-05-05 20:00:00,1.7486012637846216e-15
2017-05-06 00:00:00,7.6,63.9,3.8089999999999997,2017-05-06 02:00:00,1.7486012637846216e-15
2017-05-06 06:00:00,6.8,57.7,3.9010000000000002,2017-05-06 08:00:00,1.7486012637846216e-15
2017-05-06 12:00:00,19.3,63.8,3.055,2017-05-06 14:00:00,1.7486012637846216e-15
2017-05-06 18:00:00,15.4,193.1,3.196,2017-05-06 20:00:00,1.7486012637846216e-15
2017-05-07 00:00:00,12.3,264.4,1.5590000000000002,2017-05-07 02:00:00,1.7486012637846216e-15
2017-05-07 06:00:00,11.3,314.7,3.242,2017-05-07 08:00:00,1.7486012637846216e-15
2017-05-07 12:00:00,12.9,321.2,3.594,2017-05-07 14:00:00,1.7486012637846216e-15
2017-05-07 18:00:00,10.2,301.8,3.387,2017-05-07 20:00:00,1.7486012637846216e-15
2017-05-08 00:00:00,8.7,306.2,3.937,2017-05-08 02:00:00,1.7486012637846216e-15
2017-05-08 06:00:00,7.4,305.4,2.9360000000000004,2017-05-08 08:00:00,0.10000000000000175
2017-05-08 12:00:00,10.3,274.5,1.992,2017-05-08 14:00:00,0.10000000000000175
2017-05-08 18:00:00,12.8,339.6,2.763,2017-05-08 20:00:00,1.7486012637846216e-15
2017-05-09 00:00:00,6.6,25.9,3.533,2017-05-09 02:00:00,1.7486012637846216e-15
2017-05-09 06:00:00,5.4,28.3,2.57,2017-05-09 08:00:00,1.7486012637846216e-15
2017-05-09 12:00:00,13.3,54.1,3.237,2017-05-09 14:00:00,1.7486012637846216e-15
2017-05-09 18:00:00,13.0,356.9,3.845,2017-05-09 20:00:00,1.7486012637846216e-15
2017-05-10 00:00:00,7.0,35.3,3.1839999999999997,2017-05-10 02:00:00,1.7486012637846216e-15
2017-05-10 06:00:00,5.4,88.1,1.625,2017-05-10 08:00:00,1.7486012637846216e-15
2017-05-10 12:00:00,17.1,86.7,2.102,2017-05-10 14:00:00,1.7486012637846216e-15
2017-05-10 18:00:00,17.8,89.6,2.379,2017-05-10 20:00:00,1.7486012637846216e-15
2017-05-11 00:00:00,11.4,82.6,3.242,2017-05-11 02:00:00,1.7486012637846216e-15
2017-05-11 06:00:00,10.1,101.3,2.045,2017-05-11 08:00:00,1.7486012637846216e-15
2017-05-11 12:00:00,21.7,150.5,3.282,2017-05-11 14:00:00,1.7486012637846216e-15
2017-05-11 18:00:00,15.8,94.0,2.404,2017-05-11 20:00:00,5.200000000000001
2017-05-12 00:00:00,13.9,154.2,3.766,2017-05-12 02:00:00,1.7763568394002505e-15
2017-05-12 06:00:00,13.6,186.2,3.803,2017-05-12 08:00:00,1.8000000000000018
2017-05-12 12:00:00,20.3,214.2,4.607,2017-05-12 14:00:00,0.10000000000000192
2017-05-12 18:00:00,17.7,177.5,3.855,2017-05-12 20:00:00,1.500000000000002
2017-05-13 00:00:00,13.2,155.2,3.66,2017-05-13 02:00:00,1.9984014443252818e-15
2017-05-13 06:00:00,13.5,200.1,2.967,2017-05-13 08:00:00,1.9984014443252818e-15
2017-05-13 12:00:00,18.1,196.9,4.202,2017-05-13 14:00:00,1.9984014443252818e-15
2017-05-13 18:00:00,15.9,246.5,1.805,2017-05-13 20:00:00,1.9984014443252818e-15
2017-05-14 00:00:00,10.3,149.3,2.928,2017-05-14 02:00:00,1.9984014443252818e-15
2017-05-14 06:00:00,12.3,172.9,3.1,2017-05-14 08:00:00,0.500000000000002
2017-05-14 12:00:00,17.9,219.2,5.971,2017-05-14 14:00:00,1.9984014443252818e-15
2017-05-14 18:00:00,17.0,259.8,3.59,2017-05-14 20:00:00,1.9984014443252818e-15
2017-05-15 00:00:00,8.8,209.1,1.6469999999999998,2017-05-15 02:00:00,1.9984014443252818e-15
2017-05-15 06:00:00,11.0,181.8,2.431,2017-05-15 08:00:00,1.9984014443252818e-15
2017-05-15 12:00:00,20.9,212.5,4.684,2017-05-15 14:00:00,1.9984014443252818e-15
2017-05-15 18:00:00,20.5,254.6,2.392,2017-05-15 20:00:00,1.9984014443252818e-15
2017-05-16 00:00:00,17.3,160.3,4.043,2017-05-16 02:00:00,1.9984014443252818e-15
2017-05-16 06:00:00,17.8,178.9,2.095,2017-05-16 08:00:00,1.9984014443252818e-15
2017-05-16 12:00:00,25.7,193.2,4.237,2017-05-16 14:00:00,1.9984014443252818e-15
2017-05-16 18:00:00,24.8,259.2,1.062,2017-05-16 20:00:00,1.9984014443252818e-15
2017-05-17 00:00:00,18.9,314.9,1.304,2017-05-17 02:00:00,1.9984014443252818e-15
2017-05-17 06:00:00,18.9,135.4,3.18,2017-05-17 08:00:00,1.9984014443252818e-15
2017-05-17 12:00:00,27.5,169.5,4.967,2017-05-17 14:00:00,1.9984014443252818e-15
2017-05-17 18:00:00,26.3,176.4,3.6689999999999996,2017-05-17 20:00:00,1.9984014443252818e-15
2017-05-18 00:00:00,18.7,243.4,4.209,2017-05-18 02:00:00,1.9984014443252818e-15
2017-05-18 06:00:00,14.9,234.5,1.99,2017-05-18 08:00:00,3.700000000000002
2017-05-18 12:00:00,17.4,19.0,1.5290000000000001,2017-05-18 14:00:00,1.9000000000000021
2017-05-18 18:00:00,18.5,86.8,2.783,2017-05-18 20:00:00,2.192690473634684e-15
2017-05-19 00:00:00,15.6,188.6,6.609,2017-05-19 02:00:00,1.8000000000000023
2017-05-19 06:00:00,10.4,228.2,2.457,2017-05-19 08:00:00,0.10000000000000231
2017-05-19 12:00:00,12.5,227.4,2.6060000000000003,2017-05-19 14:00:00,1.0000000000000022
2017-05-19 18:00:00,12.7,184.8,2.541,2017-05-19 20:00:00,0.10000000000000231
2017-05-20 00:00:00,8.3,177.3,2.551,2017-05-20 02:00:00,2.3037127760972e-15
2017-05-20 06:00:00,9.4,194.6,2.39,2017-05-20 08:00:00,0.10000000000000231
2017-05-20 12:00:00,13.5,196.7,4.255,2017-05-20 14:00:00,0.10000000000000231
2017-05-20 18:00:00,15.6,199.8,3.406,2017-05-20 20:00:00,2.3037127760972e-15
2017-05-21 00:00:00,9.1,139.5,1.869,2017-05-21 02:00:00,2.3037127760972e-15
2017-05-21 06:00:00,11.0,163.3,1.383,2017-05-21 08:00:00,2.3037127760972e-15
2017-05-21 12:00:00,18.7,162.6,3.6189999999999998,2017-05-21 14:00:00,2.3037127760972e-15
2017-05-21 18:00:00,19.5,122.5,2.3369999999999997,2017-05-21 20:00:00,2.3037127760972e-15
2017-05-22 00:00:00,12.3,85.1,2.491,2017-05-22 02:00:00,2.3037127760972e-15
2017-05-22 06:00:00,14.2,111.2,1.965,2017-05-22 08:00:00,2.3037127760972e-15
2017-05-22 12:00:00,23.2,184.9,5.1080000000000005,2017-05-22 14:00:00,2.3037127760972e-15
2017-05-22 18:00:00,24.1,245.4,1.5519999999999998,2017-05-22 20:00:00,2.3037127760972e-15
2017-05-23 00:00:00,15.4,176.6,1.751,2017-05-23 02:00:00,2.3037127760972e-15
2017-05-23 06:00:00,15.4,246.2,2.5540000000000003,2017-05-23 08:00:00,2.3037127760972e-15
2017-05-23 12:00:00,18.9,306.7,3.61,2017-05-23 14:00:00,2.3037127760972e-15
2017-05-23 18:00:00,20.0,321.6,4.064,2017-05-23 20:00:00,2.3037127760972e-15
2017-05-24 00:00:00,13.3,185.7,1.0,2017-05-24 02:00:00,2.3037127760972e-15
2017-05-24 06:00:00,14.1,237.1,2.073,2017-05-24 08:00:00,2.3037127760972e-15
2017-05-24 12:00:00,20.4,258.7,2.792,2017-05-24 14:00:00,2.3037127760972e-15
2017-05-24 18:00:00,21.0,326.6,4.258,2017-05-24 20:00:00,2.3037127760972e-15
2017-05-25 00:00:00,13.9,6.3,1.194,2017-05-25 02:00:00,2.3037127760972e-15
2017-05-25 06:00:00,13.3,44.1,2.4730000000000003,2017-05-25 08:00:00,2.3037127760972e-15
2017-05-25 12:00:00,22.0,33.4,3.747,2017-05-25 14:00:00,2.3037127760972e-15
2017-05-25 18:00:00,23.6,62.0,3.589,2017-05-25 20:00:00,2.3037127760972e-15
2017-05-26 00:00:00,16.4,81.2,2.611,2017-05-26 02:00:00,2.3037127760972e-15
2017-05-26 06:00:00,16.3,85.1,2.761,2017-05-26 08:00:00,2.3037127760972e-15
2017-05-26 12:00:00,24.7,109.2,3.148,2017-05-26 14:00:00,2.3037127760972e-15
2017-05-26 18:00:00,26.5,82.3,3.361,2017-05-26 20:00:00,2.3037127760972e-15
2017-05-27 00:00:00,18.4,105.3,2.5269999999999997,2017-05-27 02:00:00,2.3037127760972e-15
2017-05-27 06:00:00,19.2,138.8,6.396,2017-05-27 08:00:00,2.3037127760972e-15
2017-05-27 12:00:00,30.1,180.3,4.266,2017-05-27 14:00:00,2.3037127760972e-15
2017-05-27 18:00:00,24.4,179.0,1.185,2017-05-27 20:00:00,2.3037127760972e-15
2017-05-28 00:00:00,18.2,324.1,1.0,2017-05-28 02:00:00,2.800000000000002
2017-05-28 06:00:00,18.1,275.2,1.88,2017-05-28 08:00:00,2.220446049250313e-15
2017-05-28 12:00:00,25.7,96.8,2.194,2017-05-28 14:00:00,7.800000000000002
2017-05-28 18:00:00,26.0,56.0,2.202,2017-05-28 20:00:00,1.609823385706477e-15
2017-05-29 00:00:00,21.5,82.5,2.887,2017-05-29 02:00:00,1.609823385706477e-15
2017-05-29 06:00:00,20.2,32.4,2.272,2017-05-29 08:00:00,1.609823385706477e-15
2017-05-29 12:00:00,30.3,218.3,4.365,2017-05-29 14:00:00,1.609823385706477e-15
2017-05-29 18:00:00,24.5,340.0,3.489,2017-05-29 20:00:00,1.609823385706477e-15
2017-05-30 00:00:00,19.5,204.3,1.514,2017-05-30 02:00:00,1.609823385706477e-15
2017-05-30 06:00:00,18.3,254.5,3.148,2017-05-30 08:00:00,1.609823385706477e-15
2017-05-30 12:00:00,20.0,243.0,4.81,2017-05-30 14:00:00,1.609823385706477e-15
2017-05-30 18:00:00,17.9,263.3,3.722,2017-05-30 20:00:00,1.609823385706477e-15
2017-05-31 00:00:00,12.8,246.0,1.834,2017-05-31 02:00:00,1.609823385706477e-15
2017-05-31 06:00:00,13.0,243.4,1.652,2017-05-31 08:00:00,1.609823385706477e-15
2017-05-31 12:00:00,21.3,277.8,1.4369999999999998,2017-05-31 14:00:00,1.609823385706477e-15
2017-05-31 18:00:00,20.7,343.0,3.8139999999999996,2017-05-31 20:00:00,1.609823385706477e-15
2017-06-01 00:00:00,15.2,36.8,2.574,2017-06-01 02:00:00,1.609823385706477e-15
2017-06-01 06:00:00,14.9,45.4,1.7719999999999998,2017-06-01 08:00:00,1.609823385706477e-15
2017-06-01 12:00:00,23.6,108.6,2.05,2017-06-01 14:00:00,1.609823385706477e-15
2017-06-01 18:00:00,25.0,68.2,2.012,2017-06-01 20:00:00,1.609823385706477e-15
2017-06-02 00:00:00,18.7,62.4,1.761,2017-06-02 02:00:00,1.609823385706477e-15
2017-06-02 06:00:00,17.0,,0.0,2017-06-02 08:00:00,1.609823385706477e-15
2017-06-02 12:00:00,26.4,337.4,1.89,2017-06-02 14:00:00,1.609823385706477e-15
2017-06-02 18:00:00,25.3,43.6,2.355,2017-06-02 20:00:00,1.609823385706477e-15
2017-06-03 00:00:00,19.2,143.9,2.552,2017-06-03 02:00:00,1.609823385706477e-15
2017-06-03 06:00:00,18.1,245.1,1.083,2017-06-03 08:00:00,1.609823385706477e-15
2017-06-03 12:00:00,22.0,255.1,3.655,2017-06-03 14:00:00,1.609823385706477e-15
2017-06-03 18:00:00,18.4,328.9,3.435,2017-06-03 20:00:00,1.609823385706477e-15
2017-06-04 00:00:00,14.3,241.7,2.7939999999999996,2017-06-04 02:00:00,0.10000000000000162
2017-06-04 06:00:00,12.5,247.1,2.333,2017-06-04 08:00:00,1.609823385706477e-15
2017-06-04 12:00:00,17.9,254.9,3.388,2017-06-04 14:00:00,1.609823385706477e-15
2017-06-04 18:00:00,18.0,263.3,2.325,2017-06-04 20:00:00,1.609823385706477e-15
2017-06-05 00:00:00,12.0,175.3,1.215,2017-06-05 02:00:00,1.609823385706477e-15
2017-06-05 06:00:00,13.0,163.5,2.83,2017-06-05 08:00:00,1.609823385706477e-15
2017-06-05 12:00:00,19.8,203.3,5.239,2017-06-05 14:00:00,1.609823385706477e-15
2017-06-05 18:00:00,20.7,178.2,6.07,2017-06-05 20:00:00,1.609823385706477e-15
2017-06-06 00:00:00,17.4,150.9,4.949,2017-06-06 02:00:00,1.609823385706477e-15
2017-06-06 06:00:00,13.4,167.3,7.05,2017-06-06 08:00:00,1.0000000000000016
2017-06-06 12:00:00,13.9,231.2,6.045,2017-06-06 14:00:00,3.6000000000000014
2017-06-06 18:00:00,15.0,241.3,6.821000000000001,2017-06-06 20:00:00,2.4000000000000017
2017-06-07 00:00:00,12.4,218.3,5.91,2017-06-07 02:00:00,1.8318679906315083e-15
2017-06-07 06:00:00,11.1,209.5,7.06,2017-06-07 08:00:00,0.20000000000000184
2017-06-07 12:00:00,16.8,241.3,6.9639999999999995,2017-06-07 14:00:00,0.10000000000000184
2017-06-07 18:00:00,16.8,242.3,5.955,2017-06-07 20:00:00,1.8318679906315083e-15
2017-06-08 00:00:00,13.6,221.9,3.053,2017-06-08 02:00:00,1.8318679906315083e-15
2017-06-08 06:00:00,14.7,193.6,4.261,2017-06-08 08:00:00,1.8318679906315083e-15
2017-06-08 12:00:00,21.6,198.1,5.495,2017-06-08 14:00:00,1.8318679906315083e-15
2017-06-08 18:00:00,23.2,202.7,3.517,2017-06-08 20:00:00,1.8318679906315083e-15
2017-06-09 00:00:00,18.6,161.1,5.36,2017-06-09 02:00:00,1.8318679906315083e-15
2017-06-09 06:00:00,14.5,175.7,4.285,2017-06-09 08:00:00,2.900000000000002
2017-06-09 12:00:00,19.5,250.8,4.942,2017-06-09 14:00:00,7.200000000000004
2017-06-09 18:00:00,18.5,265.8,5.0,2017-06-09 20:00:00,3.3861802251067274e-15
2017-06-10 00:00:00,12.2,202.6,2.32,2017-06-10 02:00:00,3.3861802251067274e-15
2017-06-10 06:00:00,13.1,193.7,2.062,2017-06-10 08:00:00,3.3861802251067274e-15
2017-06-10 12:00:00,22.5,185.5,4.792,2017-06-10 14:00:00,3.3861802251067274e-15
2017-06-10 18:00:00,24.6,202.4,4.021,2017-06-10 20:00:00,3.3861802251067274e-15
2017-06-11 00:00:00,19.4,160.2,4.203,2017-06-11 02:00:00,3.3861802251067274e-15
2017-06-11 06:00:00,18.7,187.0,2.208,2017-06-11 08:00:00,3.3861802251067274e-15
2017-06-11 12:00:00,27.6,192.4,4.0169999999999995,2017-06-11 14:00:00,3.3861802251067274e-15
2017-06-11 18:00:00,25.5,226.1,4.0569999999999995,2017-06-11 20:00:00,3.3861802251067274e-15
2017-06-12 00:00:00,16.3,252.4,3.656,2017-06-12 02:00:00,3.3861802251067274e-15
2017-06-12 06:00:00,13.2,234.3,3.3289999999999997,2017-06-12 08:00:00,3.3861802251067274e-15
2017-06-12 12:00:00,17.2,249.0,4.763999999999999,2017-06-12 14:00:00,3.3861802251067274e-15
2017-06-12 18:00:00,16.8,238.3,3.417,2017-06-12 20:00:00,3.3861802251067274e-15
2017-06-13 00:00:00,12.9,227.2,1.834,2017-06-13 02:00:00,3.3861802251067274e-15
2017-06-13 06:00:00,12.5,244.1,1.712,2017-06-13 08:00:00,3.3861802251067274e-15
2017-06-13 12:00:00,19.4,307.4,2.505,2017-06-13 14:00:00,3.3861802251067274e-15
2017-06-13 18:00:00,20.5,4.4,2.593,2017-06-13 20:00:00,3.3861802251067274e-15
2017-06-14 00:00:00,13.7,43.6,2.497,2017-06-14 02:00:00,3.3861802251067274e-15
2017-06-14 06:00:00,14.7,86.8,1.4869999999999999,2017-06-14 08:00:00,3.3861802251067274e-15
2017-06-14 12:00:00,23.5,67.1,2.498,2017-06-14 14:00:00,3.3861802251067274e-15
2017-06-14 18:00:00,25.2,82.8,1.79,2017-06-14 20:00:00,3.3861802251067274e-15
2017-06-15 00:00:00,18.0,85.9,1.931,2017-06-15 02:00:00,3.3861802251067274e-15
2017-06-15 06:00:00,19.9,170.7,2.9139999999999997,2017-06-15 08:00:00,3.3861802251067274e-15
2017-06-15 12:00:00,26.5,270.8,5.159,2017-06-15 14:00:00,3.3861802251067274e-15
2017-06-15 18:00:00,23.6,250.9,4.325,2017-06-15 20:00:00,3.3861802251067274e-15
2017-06-16 00:00:00,15.6,247.0,3.878,2017-06-16 02:00:00,3.3861802251067274e-15
2017-06-16 06:00:00,13.9,251.7,2.176,2017-06-16 08:00:00,3.3861802251067274e-15
2017-06-16 12:00:00,18.9,289.6,3.887,2017-06-16 14:00:00,3.3861802251067274e-15
2017-06-16 18:00:00,19.1,303.2,3.3080000000000003,2017-06-16 20:00:00,3.3861802251067274e-15
2017-06-17 00:00:00,12.9,208.3,1.912,2017-06-17 02:00:00,3.3861802251067274e-15
2017-06-17 06:00:00,16.0,243.7,2.141,2017-06-17 08:00:00,3.3861802251067274e-15
2017-06-17 12:00:00,22.7,317.3,2.91,2017-06-17 14:00:00,3.3861802251067274e-15
2017-06-17 18:00:00,24.8,346.9,2.398,2017-06-17 20:00:00,3.3861802251067274e-15
2017-06-18 00:00:00,16.6,38.9,1.992,2017-06-18 02:00:00,3.3861802251067274e-15
2017-06-18 06:00:00,17.5,63.7,1.8630000000000002,2017-06-18 08:00:00,3.3861802251067274e-15
2017-06-18 12:00:00,25.5,83.6,1.8430000000000002,2017-06-18 14:00:00,3.3861802251067274e-15
2017-06-18 18:00:00,27.0,87.1,2.056,2017-06-18 20:00:00,3.3861802251067274e-15
2017-06-19 00:00:00,20.1,79.1,2.162,2017-06-19 02:00:00,3.3861802251067274e-15
2017-06-19 06:00:00,20.0,111.9,1.788,2017-06-19 08:00:00,3.3861802251067274e-15
2017-06-19 12:00:00,28.6,68.1,2.22,2017-06-19 14:00:00,3.3861802251067274e-15
2017-06-19 18:00:00,29.9,182.1,1.0659999999999998,2017-06-19 20:00:00,3.3861802251067274e-15
2017-06-20 00:00:00,22.7,17.4,2.841,2017-06-20 02:00:00,3.3861802251067274e-15
2017-06-20 06:00:00,21.1,74.5,2.506,2017-06-20 08:00:00,3.3861802251067274e-15
2017-06-20 12:00:00,30.0,69.1,3.012,2017-06-20 14:00:00,3.3861802251067274e-15
2017-06-20 18:00:00,29.5,41.0,3.1910000000000003,2017-06-20 20:00:00,3.3861802251067274e-15
2017-06-21 00:00:00,21.8,82.4,3.4010000000000002,2017-06-21 02:00:00,3.3861802251067274e-15
2017-06-21 06:00:00,19.1,87.8,1.886,2017-06-21 08:00:00,3.3861802251067274e-15
2017-06-21 12:00:00,29.1,71.0,2.275,2017-06-21 14:00:00,3.3861802251067274e-15
2017-06-21 18:00:00,31.8,301.8,1.024,2017-06-21 20:00:00,3.3861802251067274e-15
2017-06-22 00:00:00,22.6,135.4,4.221,2017-06-22 02:00:00,3.3861802251067274e-15
2017-06-22 06:00:00,25.4,216.4,2.6910000000000003,2017-06-22 08:00:00,3.3861802251067274e-15
2017-06-22 12:00:00,31.8,217.1,4.34,2017-06-22 14:00:00,3.3861802251067274e-15
2017-06-22 18:00:00,23.7,257.0,5.702000000000001,2017-06-22 20:00:00,3.3861802251067274e-15
2017-06-23 00:00:00,16.9,226.1,2.266,2017-06-23 02:00:00,3.3861802251067274e-15
2017-06-23 06:00:00,16.5,223.3,3.609,2017-06-23 08:00:00,3.3861802251067274e-15
2017-06-23 12:00:00,22.1,241.8,4.527,2017-06-23 14:00:00,3.3861802251067274e-15
2017-06-23 18:00:00,21.0,229.0,4.2589999999999995,2017-06-23 20:00:00,3.3861802251067274e-15
2017-06-24 00:00:00,15.0,237.3,3.1519999999999997,2017-06-24 02:00:00,3.3861802251067274e-15
2017-06-24 06:00:00,15.6,222.9,5.193,2017-06-24 08:00:00,3.3861802251067274e-15
2017-06-24 12:00:00,18.5,235.1,3.9930000000000003,2017-06-24 14:00:00,3.3861802251067274e-15
2017-06-24 18:00:00,19.9,267.4,4.622,2017-06-24 20:00:00,3.3861802251067274e-15
2017-06-25 00:00:00,17.5,226.5,3.46,2017-06-25 02:00:00,3.3861802251067274e-15
2017-06-25 06:00:00,16.2,234.7,4.325,2017-06-25 08:00:00,1.4000000000000035
2017-06-25 12:00:00,20.7,243.9,5.3260000000000005,2017-06-25 14:00:00,3.4416913763379853e-15
2017-06-25 18:00:00,19.1,248.6,4.838,2017-06-25 20:00:00,3.4416913763379853e-15
2017-06-26 00:00:00,16.0,241.3,3.5,2017-06-26 02:00:00,3.4416913763379853e-15
2017-06-26 06:00:00,16.1,258.2,1.855,2017-06-26 08:00:00,3.4416913763379853e-15
2017-06-26 12:00:00,21.4,256.2,2.1069999999999998,2017-06-26 14:00:00,3.4416913763379853e-15
2017-06-26 18:00:00,22.6,17.7,3.11,2017-06-26 20:00:00,3.4416913763379853e-15
2017-06-27 00:00:00,16.2,44.7,4.218,2017-06-27 02:00:00,3.4416913763379853e-15
2017-06-27 06:00:00,14.7,95.5,2.5610000000000004,2017-06-27 08:00:00,3.4416913763379853e-15
2017-06-27 12:00:00,18.0,77.6,2.3409999999999997,2017-06-27 14:00:00,0.10000000000000345
2017-06-27 18:00:00,20.0,91.4,2.437,2017-06-27 20:00:00,3.4416913763379853e-15
2017-06-28 00:00:00,17.9,124.3,2.008,2017-06-28 02:00:00,6.800000000000004
2017-06-28 06:00:00,18.2,206.1,2.512,2017-06-28 08:00:00,3.885780586188048e-15
2017-06-28 12:00:00,17.8,219.5,3.64,2017-06-28 14:00:00,0.9000000000000038
2017-06-28 18:00:00,21.8,250.1,2.623,2017-06-28 20:00:00,3.858025010572419e-15
2017-06-29 00:00:00,15.8,244.8,1.482,2017-06-29 02:00:00,3.858025010572419e-15
2017-06-29 06:00:00,15.0,205.5,3.34,2017-06-29 08:00:00,9.200000000000003
2017-06-29 12:00:00,19.8,202.0,4.338,2017-06-29 14:00:00,0.5000000000000033
2017-06-29 18:00:00,19.2,258.4,1.892,2017-06-29 20:00:00,3.3029134982598407e-15
2017-06-30 00:00:00,16.0,193.3,2.998,2017-06-30 02:00:00,3.3029134982598407e-15
2017-06-30 06:00:00,15.0,187.9,5.172000000000001,2017-06-30 08:00:00,3.3029134982598407e-15
2017-06-30 12:00:00,19.8,218.2,2.9610000000000003,2017-06-30 14:00:00,0.10000000000000331
2017-06-30 18:00:00,20.9,241.5,1.8869999999999998,2017-06-30 20:00:00,3.3029134982598407e-15
2017-07-01 00:00:00,15.7,269.9,2.138,2017-07-01 02:00:00,3.3029134982598407e-15
2017-07-01 06:00:00,13.9,283.7,3.409,2017-07-01 08:00:00,11.500000000000004
2017-07-01 12:00:00,15.2,307.0,4.12,2017-07-01 14:00:00,7.400000000000006
2017-07-01 18:00:00,16.9,313.2,3.861,2017-07-01 20:00:00,3.100000000000006
2017-07-02 00:00:00,12.8,212.7,1.9269999999999998,2017-07-02 02:00:00,5.995204332975845e-15
2017-07-02 06:00:00,14.4,231.4,2.8539999999999996,2017-07-02 08:00:00,5.995204332975845e-15
2017-07-02 12:00:00,16.4,260.2,2.156,2017-07-02 14:00:00,0.500000000000006
2017-07-02 18:00:00,18.3,318.1,3.498,2017-07-02 20:00:00,2.900000000000006
2017-07-03 00:00:00,10.7,146.2,1.006,2017-07-03 02:00:00,6.217248937900877e-15
2017-07-03 06:00:00,13.2,186.3,1.474,2017-07-03 08:00:00,6.217248937900877e-15
2017-07-03 12:00:00,20.7,230.1,3.611,2017-07-03 14:00:00,6.217248937900877e-15
2017-07-03 18:00:00,21.7,260.8,3.889,2017-07-03 20:00:00,6.217248937900877e-15
2017-07-04 00:00:00,14.3,230.1,1.97,2017-07-04 02:00:00,6.217248937900877e-15
2017-07-04 06:00:00,14.5,228.6,1.607,2017-07-04 08:00:00,6.217248937900877e-15
2017-07-04 12:00:00,19.3,224.2,1.4369999999999998,2017-07-04 14:00:00,6.217248937900877e-15
2017-07-04 18:00:00,23.3,304.8,1.7830000000000001,2017-07-04 20:00:00,6.217248937900877e-15
2017-07-05 00:00:00,16.9,237.5,1.253,2017-07-05 02:00:00,6.217248937900877e-15
2017-07-05 06:00:00,16.3,330.4,1.2830000000000001,2017-07-05 08:00:00,6.217248937900877e-15
2017-07-05 12:00:00,25.0,230.1,2.226,2017-07-05 14:00:00,6.217248937900877e-15
2017-07-05 18:00:00,25.2,359.4,3.464,2017-07-05 20:00:00,6.217248937900877e-15
2017-07-06 00:00:00,18.2,51.2,2.6630000000000003,2017-07-06 02:00:00,6.217248937900877e-15
2017-07-06 06:00:00,17.6,92.7,2.7439999999999998,2017-07-06 08:00:00,6.217248937900877e-15
2017-07-06 12:00:00,21.0,343.0,2.039,2017-07-06 14:00:00,6.217248937900877e-15
2017-07-06 18:00:00,24.6,97.4,2.728,2017-07-06 20:00:00,1.3000000000000063
2017-07-07 00:00:00,19.3,115.1,1.205,2017-07-07 02:00:00,6.217248937900877e-15
2017-07-07 06:00:00,19.5,221.7,3.478,2017-07-07 08:00:00,6.217248937900877e-15
2017-07-07 12:00:00,27.4,279.3,4.296,2017-07-07 14:00:00,6.217248937900877e-15
2017-07-07 18:00:00,26.5,306.1,2.167,2017-07-07 20:00:00,6.217248937900877e-15
2017-07-08 00:00:00,18.7,232.5,1.7619999999999998,2017-07-08 02:00:00,6.217248937900877e-15
2017-07-08 06:00:00,16.4,218.9,2.775,2017-07-08 08:00:00,6.217248937900877e-15
2017-07-08 12:00:00,24.1,257.1,3.512,2017-07-08 14:00:00,6.217248937900877e-15
2017-07-08 18:00:00,21.9,325.0,3.37,2017-07-08 20:00:00,6.217248937900877e-15
2017-07-09 00:00:00,16.9,20.2,1.9280000000000002,2017-07-09 02:00:00,6.217248937900877e-15
2017-07-09 06:00:00,15.9,69.4,2.218,2017-07-09 08:00:00,6.217248937900877e-15
2017-07-09 12:00:00,23.3,87.4,2.125,2017-07-09 14:00:00,6.217248937900877e-15
2017-07-09 18:00:00,23.2,79.0,2.077,2017-07-09 20:00:00,6.217248937900877e-15
2017-07-10 00:00:00,18.3,51.5,1.499,2017-07-10 02:00:00,6.217248937900877e-15
2018-03-01 05:00:00,-6.2,80.4,6.85,2018-03-01 06:00:00,6.217248937900877e-15
2018-03-01 11:00:00,-2.3,78.9,7.39,2018-03-01 12:00:00,6.217248937900877e-15
2018-03-01 17:00:00,0.3,79.4,7.12,2018-03-01 18:00:00,6.217248937900877e-15
2018-03-01 23:00:00,-1.5,81.7,6.8660000000000005,2018-03-02 00:00:00,6.217248937900877e-15
2018-03-02 05:00:00,-2.6,76.7,6.761,2018-03-02 06:00:00,6.217248937900877e-15
2018-03-02 11:00:00,-2.6,81.2,5.206,2018-03-02 12:00:00,6.217248937900877e-15
2018-03-02 17:00:00,-2.9,91.0,4.418,2018-03-02 18:00:00,2.500000000000006
2018-03-02 23:00:00,-2.1,96.2,3.037,2018-03-03 00:00:00,1.2000000000000066
2018-03-03 05:00:00,-2.4,87.1,3.016,2018-03-03 06:00:00,6.6058269965196814e-15
2018-03-03 11:00:00,3.7,92.1,2.594,2018-03-03 12:00:00,0.10000000000000661
2018-03-03 17:00:00,4.8,81.9,3.76,2018-03-03 18:00:00,6.6058269965196814e-15
2018-03-03 23:00:00,1.8,137.1,3.8960000000000004,2018-03-04 00:00:00,6.6058269965196814e-15
2018-03-04 05:00:00,2.9,156.8,3.911,2018-03-04 06:00:00,6.6058269965196814e-15
2018-03-04 11:00:00,11.4,141.7,2.965,2018-03-04 12:00:00,6.6058269965196814e-15
2018-03-04 17:00:00,7.5,99.2,2.5780000000000003,2018-03-04 18:00:00,6.6058269965196814e-15
2018-03-04 23:00:00,5.7,194.7,4.204,2018-03-05 00:00:00,3.400000000000007
2018-03-05 05:00:00,4.2,202.1,2.763,2018-03-05 06:00:00,6.938893903907228e-15
2018-03-05 11:00:00,9.2,152.2,4.18,2018-03-05 12:00:00,6.938893903907228e-15
2018-03-05 18:00:00,9.0,120.6,2.4290000000000003,2018-03-05 19:00:00,6.938893903907228e-15
2018-03-06 00:00:00,6.7,132.2,4.317,2018-03-06 01:00:00,6.938893903907228e-15
2018-03-06 06:00:00,5.9,178.1,3.1639999999999997,2018-03-06 07:00:00,6.938893903907228e-15
2018-03-06 12:00:00,10.3,226.8,2.075,2018-03-06 13:00:00,6.938893903907228e-15
2018-03-06 18:00:00,7.9,129.7,1.065,2018-03-06 19:00:00,6.938893903907228e-15
2018-03-07 00:00:00,5.7,145.5,3.542,2018-03-07 01:00:00,6.938893903907228e-15
2018-03-07 06:00:00,5.2,155.2,3.193,2018-03-07 07:00:00,6.938893903907228e-15
2018-03-07 12:00:00,7.2,208.1,2.17,2018-03-07 13:00:00,0.10000000000000694
2018-03-07 18:00:00,5.2,263.2,4.587,2018-03-07 19:00:00,0.800000000000007
2018-03-08 00:00:00,3.5,223.3,4.871,2018-03-08 01:00:00,1.3000000000000071
2018-03-08 06:00:00,3.3,172.3,5.166,2018-03-08 07:00:00,7.049916206369744e-15
2018-03-08 12:00:00,5.6,197.2,7.0,2018-03-08 13:00:00,2.100000000000007
2018-03-08 18:00:00,6.7,242.0,4.7589999999999995,2018-03-08 19:00:00,4.600000000000007
2018-03-09 00:00:00,4.4,221.6,4.338,2018-03-09 01:00:00,6.994405055138486e-15
2018-03-09 06:00:00,3.5,177.9,2.6289999999999996,2018-03-09 07:00:00,6.994405055138486e-15
2018-03-09 12:00:00,8.3,165.6,2.407,2018-03-09 13:00:00,6.994405055138486e-15
2018-03-09 18:00:00,8.4,129.0,3.312,2018-03-09 19:00:00,0.200000000000007
2018-03-10 00:00:00,9.4,155.9,4.669,2018-03-10 01:00:00,2.800000000000007
2018-03-10 06:00:00,11.9,190.0,4.328,2018-03-10 07:00:00,0.20000000000000706
2018-03-10 12:00:00,13.8,183.6,5.341,2018-03-10 13:00:00,7.049916206369744e-15
2018-03-10 18:00:00,12.3,185.9,4.462,2018-03-10 19:00:00,1.1000000000000072
2018-03-11 00:00:00,11.1,133.1,3.938,2018-03-11 01:00:00,7.188694084447889e-15
2018-03-11 06:00:00,10.2,118.8,3.853,2018-03-11 07:00:00,0.7000000000000073
2018-03-11 12:00:00,13.2,180.5,4.836,2018-03-11 13:00:00,4.100000000000007
2018-03-11 18:00:00,13.7,144.8,3.719,2018-03-11 19:00:00,7.105427357601002e-15
2018-03-12 00:00:00,10.3,174.2,4.4510000000000005,2018-03-12 01:00:00,0.6000000000000071
2018-03-12 06:00:00,8.8,158.7,4.935,2018-03-12 07:00:00,7.105427357601002e-15
2018-03-12 12:00:00,12.2,182.1,4.815,2018-03-12 13:00:00,7.105427357601002e-15
2018-03-12 18:00:00,9.2,221.4,6.77,2018-03-12 19:00:00,0.10000000000000711
2018-03-13 00:00:00,8.2,216.5,6.375,2018-03-13 01:00:00,1.400000000000007
2018-03-13 06:00:00,5.7,252.6,6.172000000000001,2018-03-13 07:00:00,1.6000000000000072
2018-03-13 12:00:00,4.9,289.9,3.985,2018-03-13 13:00:00,1.600000000000007
2018-03-13 18:00:00,5.8,284.5,1.72,2018-03-13 19:00:00,0.8000000000000066
2018-03-14 00:00:00,5.7,221.8,1.579,2018-03-14 01:00:00,6.6058269965196814e-15
2018-03-14 06:00:00,4.8,152.2,2.778,2018-03-14 07:00:00,6.6058269965196814e-15
2018-03-14 12:00:00,11.9,145.2,5.021,2018-03-14 13:00:00,6.6058269965196814e-15
2018-03-14 18:00:00,10.1,116.0,3.2710000000000004,2018-03-14 19:00:00,6.6058269965196814e-15
2018-03-15 00:00:00,5.9,103.2,6.12,2018-03-15 01:00:00,6.6058269965196814e-15
2018-03-15 06:00:00,6.7,119.5,5.706,2018-03-15 07:00:00,6.6058269965196814e-15
2018-03-15 12:00:00,7.3,128.0,4.89,2018-03-15 13:00:00,0.3000000000000066
2018-03-15 18:00:00,7.1,115.7,4.633,2018-03-15 19:00:00,4.100000000000008
2018-03-16 00:00:00,5.8,155.0,4.529,2018-03-16 01:00:00,0.20000000000000795
2018-03-16 06:00:00,7.3,191.1,2.346,2018-03-16 07:00:00,0.10000000000000794
2018-03-16 12:00:00,11.4,237.6,2.693,2018-03-16 13:00:00,0.7000000000000081
2018-03-16 18:00:00,9.3,42.7,3.819,2018-03-16 19:00:00,8.049116928532385e-15
2018-03-17 00:00:00,2.5,74.0,4.387,2018-03-17 01:00:00,8.049116928532385e-15
2018-03-17 06:00:00,-0.9,58.8,5.6,2018-03-17 07:00:00,8.049116928532385e-15
2018-03-17 12:00:00,-2.1,56.6,6.4910000000000005,2018-03-17 13:00:00,0.8000000000000079
2018-03-17 18:00:00,-2.3,64.3,4.938,2018-03-17 19:00:00,7.91033905045424e-15
2018-03-18 00:00:00,-2.9,64.2,5.131,2018-03-18 01:00:00,7.91033905045424e-15
2018-03-18 06:00:00,-2.6,61.7,5.316,2018-03-18 07:00:00,7.91033905045424e-15
2018-03-18 12:00:00,-1.8,69.4,6.812,2018-03-18 13:00:00,7.91033905045424e-15
2018-03-18 18:00:00,-0.2,66.4,3.944,2018-03-18 19:00:00,7.91033905045424e-15
2018-03-19 00:00:00,-1.0,87.7,3.9219999999999997,2018-03-19 01:00:00,7.91033905045424e-15
2018-03-19 06:00:00,-2.1,68.5,4.726,2018-03-19 07:00:00,7.91033905045424e-15
2018-03-19 12:00:00,1.3,53.7,3.717,2018-03-19 13:00:00,7.91033905045424e-15
2018-03-19 18:00:00,1.7,50.0,4.187,2018-03-19 19:00:00,7.91033905045424e-15
2018-03-20 00:00:00,-1.4,19.1,4.404,2018-03-20 01:00:00,7.91033905045424e-15
2018-03-20 06:00:00,-1.3,254.7,1.885,2018-03-20 07:00:00,7.91033905045424e-15
2018-03-20 12:00:00,7.2,24.0,5.83,2018-03-20 13:00:00,0.4000000000000079
2018-03-20 18:00:00,5.4,9.3,5.095,2018-03-20 19:00:00,7.882583474838611e-15
2018-03-21 00:00:00,1.8,356.2,4.886,2018-03-21 01:00:00,7.882583474838611e-15
2018-03-21 06:00:00,-0.3,287.3,1.0,2018-03-21 07:00:00,7.882583474838611e-15
2018-03-21 12:00:00,4.9,286.2,2.468,2018-03-21 13:00:00,7.882583474838611e-15
2018-03-21 18:00:00,5.9,230.7,1.742,2018-03-21 19:00:00,7.882583474838611e-15
2018-03-22 00:00:00,2.8,228.8,3.065,2018-03-22 01:00:00,7.882583474838611e-15
2018-03-22 06:00:00,3.6,246.2,4.593,2018-03-22 07:00:00,7.882583474838611e-15
2018-03-22 12:00:00,5.9,282.2,2.91,2018-03-22 13:00:00,4.200000000000008
2018-03-22 18:00:00,6.0,283.6,2.7460000000000004,2018-03-22 19:00:00,2.400000000000008
2018-03-23 00:00:00,4.5,229.1,1.9569999999999999,2018-03-23 01:00:00,0.9000000000000076
2018-03-23 06:00:00,4.1,212.1,3.6180000000000003,2018-03-23 07:00:00,7.549516567451064e-15
2018-03-23 12:00:00,6.5,202.4,6.626,2018-03-23 13:00:00,7.549516567451064e-15
2018-03-23 18:00:00,6.5,196.4,3.855,2018-03-23 19:00:00,7.549516567451064e-15
2018-03-24 00:00:00,5.6,145.6,3.0460000000000003,2018-03-24 01:00:00,7.549516567451064e-15
2018-03-24 06:00:00,4.5,103.7,2.8930000000000002,2018-03-24 07:00:00,7.549516567451064e-15
2018-03-24 12:00:00,11.8,125.3,2.0180000000000002,2018-03-24 13:00:00,7.549516567451064e-15
2018-03-24 18:00:00,10.5,42.2,2.299,2018-03-24 19:00:00,7.549516567451064e-15
2018-03-25 00:00:00,4.2,39.3,1.743,2018-03-25 01:00:00,7.549516567451064e-15
2018-03-25 06:00:00,1.1,291.3,1.031,2018-03-25 08:00:00,7.549516567451064e-15
2018-03-25 12:00:00,12.9,350.9,2.9139999999999997,2018-03-25 14:00:00,7.549516567451064e-15
2018-03-25 18:00:00,8.9,325.3,2.9619999999999997,2018-03-25 20:00:00,7.549516567451064e-15
2018-03-26 00:00:00,6.8,341.7,1.767,2018-03-26 02:00:00,7.549516567451064e-15
2018-03-26 06:00:00,4.0,294.3,1.271,2018-03-26 08:00:00,7.549516567451064e-15
2018-03-26 12:00:00,10.5,306.0,2.123,2018-03-26 14:00:00,7.549516567451064e-15
2018-03-26 18:00:00,8.4,321.7,3.3760000000000003,2018-03-26 20:00:00,7.549516567451064e-15
2018-03-27 00:00:00,2.5,153.3,2.559,2018-03-27 02:00:00,7.549516567451064e-15
2018-03-27 06:00:00,5.0,146.0,3.783,2018-03-27 08:00:00,7.549516567451064e-15
2018-03-27 12:00:00,6.5,176.4,5.39,2018-03-27 14:00:00,0.7000000000000075
2018-03-27 18:00:00,7.9,217.0,4.72,2018-03-27 20:00:00,5.1000000000000085
2018-03-28 00:00:00,8.2,245.9,3.105,2018-03-28 02:00:00,1.2000000000000082
2018-03-28 06:00:00,5.9,215.9,3.303,2018-03-28 08:00:00,0.8000000000000083
2018-03-28 12:00:00,7.0,132.4,3.3789999999999996,2018-03-28 14:00:00,2.000000000000008
2018-03-28 18:00:00,4.3,285.1,6.115,2018-03-28 20:00:00,5.200000000000008
2018-03-29 00:00:00,3.9,230.0,2.282,2018-03-29 02:00:00,0.20000000000000817
2018-03-29 06:00:00,3.7,214.2,2.419,2018-03-29 08:00:00,8.1601392309949e-15
2018-03-29 12:00:00,8.1,212.8,3.966,2018-03-29 14:00:00,8.1601392309949e-15
2018-03-29 18:00:00,9.4,167.5,3.968,2018-03-29 20:00:00,8.1601392309949e-15
2018-03-30 00:00:00,6.0,159.5,2.786,2018-03-30 02:00:00,8.1601392309949e-15
2018-03-30 06:00:00,4.6,140.7,4.112,2018-03-30 08:00:00,0.20000000000000817
2018-03-30 12:00:00,12.0,121.4,5.513,2018-03-30 14:00:00,8.1601392309949e-15
2018-03-30 18:00:00,6.6,119.9,2.9010000000000002,2018-03-30 20:00:00,0.30000000000000815
2018-03-31 00:00:00,4.5,151.0,4.497,2018-03-31 02:00:00,3.3000000000000087
2018-03-31 06:00:00,4.0,151.9,3.93,2018-03-31 08:00:00,8.659739592076221e-15
2018-03-31 12:00:00,11.3,193.9,3.7110000000000003,2018-03-31 14:00:00,8.659739592076221e-15
2018-03-31 18:00:00,7.5,189.5,2.269,2018-03-31 20:00:00,4.000000000000009
2018-04-01 00:00:00,5.9,228.8,2.736,2018-04-01 02:00:00,0.20000000000000906
2018-04-01 06:00:00,4.9,272.6,3.597,2018-04-01 08:00:00,3.8000000000000087
2018-04-01 12:00:00,6.3,294.3,2.891,2018-04-01 14:00:00,0.20000000000000898
2018-04-01 18:00:00,7.1,336.0,1.474,2018-04-01 20:00:00,0.20000000000000903
2018-04-02 00:00:00,4.4,147.3,2.915,2018-04-02 02:00:00,9.020562075079397e-15
2018-04-02 06:00:00,5.7,151.4,3.6319999999999997,2018-04-02 08:00:00,9.020562075079397e-15
2018-04-02 12:00:00,12.1,177.5,5.266,2018-04-02 14:00:00,9.020562075079397e-15
2018-04-02 18:00:00,11.2,160.3,6.486000000000001,2018-04-02 20:00:00,0.10000000000000903
2018-04-03 00:00:00,10.4,188.5,6.54,2018-04-03 02:00:00,1.0000000000000089
2018-04-03 06:00:00,10.8,176.2,4.352,2018-04-03 08:00:00,0.7000000000000091
2018-04-03 12:00:00,14.8,178.6,6.034,2018-04-03 14:00:00,0.30000000000000904
2018-04-03 18:00:00,12.8,170.7,4.832,2018-04-03 20:00:00,9.048317650695026e-15
2018-04-04 00:00:00,9.0,188.6,4.655,2018-04-04 02:00:00,0.10000000000000905
2018-04-04 06:00:00,8.2,149.4,4.41,2018-04-04 08:00:00,9.048317650695026e-15
2018-04-04 12:00:00,13.8,191.6,5.596,2018-04-04 14:00:00,1.000000000000009
2018-04-04 18:00:00,12.7,194.3,5.604,2018-04-04 20:00:00,1.100000000000009
2018-04-05 00:00:00,9.8,217.1,5.266,2018-04-05 02:00:00,8.992806499463768e-15
2018-04-05 06:00:00,6.6,244.4,4.624,2018-04-05 08:00:00,1.0000000000000089
2018-04-05 12:00:00,6.8,316.6,5.29,2018-04-05 14:00:00,0.20000000000000895
2018-04-05 18:00:00,7.4,320.1,1.5719999999999998,2018-04-05 20:00:00,8.93729534823251e-15
2018-04-06 00:00:00,4.1,101.2,2.86,2018-04-06 02:00:00,8.93729534823251e-15
2018-04-06 06:00:00,2.5,109.5,3.219,2018-04-06 08:00:00,8.93729534823251e-15
2018-04-06 12:00:00,14.3,128.4,5.135,2018-04-06 14:00:00,8.93729534823251e-15
2018-04-06 18:00:00,15.7,127.5,5.43,2018-04-06 20:00:00,8.93729534823251e-15
2018-04-07 00:00:00,11.5,132.2,4.744,2018-04-07 02:00:00,8.93729534823251e-15
2018-04-07 06:00:00,11.3,155.0,6.457000000000001,2018-04-07 08:00:00,8.93729534823251e-15
2018-04-07 12:00:00,19.6,195.7,5.511,2018-04-07 14:00:00,8.93729534823251e-15
2018-04-07 18:00:00,19.9,209.4,2.38,2018-04-07 20:00:00,8.93729534823251e-15
2018-04-08 00:00:00,12.7,182.6,1.6969999999999998,2018-04-08 02:00:00,8.93729534823251e-15
2018-04-08 06:00:00,11.4,122.5,1.715,2018-04-08 08:00:00,8.93729534823251e-15
2018-04-08 12:00:00,22.2,211.5,2.224,2018-04-08 14:00:00,8.93729534823251e-15
2018-04-08 18:00:00,21.1,254.2,2.5860000000000003,2018-04-08 20:00:00,8.93729534823251e-15
2018-04-09 00:00:00,14.2,301.9,1.4880000000000002,2018-04-09 02:00:00,8.93729534823251e-15
2018-04-09 06:00:00,12.1,39.8,2.737,2018-04-09 08:00:00,8.93729534823251e-15
2018-04-09 12:00:00,16.1,356.4,2.51,2018-04-09 14:00:00,8.93729534823251e-15
2018-04-09 18:00:00,16.3,15.2,2.8789999999999996,2018-04-09 20:00:00,8.93729534823251e-15
2018-04-10 00:00:00,12.0,166.0,2.506,2018-04-10 02:00:00,0.40000000000000896
2018-04-10 06:00:00,10.9,125.0,3.927,2018-04-10 08:00:00,8.93729534823251e-15
2018-04-10 12:00:00,18.9,181.8,4.446000000000001,2018-04-10 14:00:00,8.93729534823251e-15
2018-04-10 18:00:00,12.4,180.6,2.026,2018-04-10 20:00:00,0.900000000000009
2018-04-11 00:00:00,10.4,302.6,1.587,2018-04-11 02:00:00,3.300000000000009
2018-04-11 06:00:00,7.6,111.4,2.094,2018-04-11 08:00:00,9.103828801926284e-15
2018-04-11 12:00:00,13.4,43.3,1.7,2018-04-11 14:00:00,9.103828801926284e-15
2018-04-11 18:00:00,12.8,45.2,2.519,2018-04-11 20:00:00,9.103828801926284e-15
2018-04-12 00:00:00,9.5,43.2,2.832,2018-04-12 02:00:00,9.103828801926284e-15
2018-04-12 06:00:00,8.2,33.7,1.053,2018-04-12 08:00:00,9.103828801926284e-15
2018-04-12 12:00:00,10.3,63.6,2.272,2018-04-12 14:00:00,9.103828801926284e-15
2018-04-12 18:00:00,12.0,133.3,1.3659999999999999,2018-04-12 20:00:00,0.10000000000000911
2018-04-13 00:00:00,8.6,142.6,3.1910000000000003,2018-04-13 02:00:00,9.103828801926284e-15
2018-04-13 06:00:00,7.1,181.7,2.897,2018-04-13 08:00:00,9.103828801926284e-15
2018-04-13 12:00:00,13.1,220.4,3.654,2018-04-13 14:00:00,9.103828801926284e-15
2018-04-13 18:00:00,14.9,254.6,2.359,2018-04-13 20:00:00,9.103828801926284e-15
2018-04-14 00:00:00,8.6,294.7,1.0,2018-04-14 02:00:00,9.103828801926284e-15
2018-04-14 06:00:00,6.6,51.8,1.39,2018-04-14 08:00:00,9.103828801926284e-15
2018-04-14 12:00:00,15.5,136.6,1.359,2018-04-14 14:00:00,9.103828801926284e-15
2018-04-14 18:00:00,13.4,348.9,3.055,2018-04-14 20:00:00,2.500000000000009
2018-04-15 00:00:00,11.7,117.1,1.5719999999999998,2018-04-15 02:00:00,12.700000000000008
2018-04-15 06:00:00,10.1,159.1,4.548,2018-04-15 08:00:00,0.40000000000000946
2018-04-15 12:00:00,15.6,213.1,4.916,2018-04-15 14:00:00,9.46465128492946e-15
2018-04-15 18:00:00,15.7,230.2,1.73,2018-04-15 20:00:00,9.46465128492946e-15
2018-04-16 00:00:00,10.7,201.5,1.5130000000000001,2018-04-16 02:00:00,1.3000000000000096
2018-04-16 06:00:00,8.9,244.1,1.6880000000000002,2018-04-16 08:00:00,9.547918011776346e-15
2018-04-16 12:00:00,14.8,248.3,3.1319999999999997,2018-04-16 14:00:00,9.547918011776346e-15
2018-04-16 18:00:00,15.0,274.7,3.148,2018-04-16 20:00:00,9.547918011776346e-15
2018-04-17 00:00:00,8.3,96.9,1.994,2018-04-17 02:00:00,9.547918011776346e-15
2018-04-17 06:00:00,9.4,146.9,2.97,2018-04-17 08:00:00,9.547918011776346e-15
2018-04-17 12:00:00,18.5,196.0,4.177,2018-04-17 14:00:00,9.547918011776346e-15
2018-04-17 18:00:00,18.7,178.2,2.969,2018-04-17 20:00:00,9.547918011776346e-15
2018-04-18 00:00:00,11.5,148.6,2.307,2018-04-18 02:00:00,9.547918011776346e-15
2018-04-18 06:00:00,11.7,148.9,2.489,2018-04-18 08:00:00,9.547918011776346e-15
2018-04-18 12:00:00,23.6,91.2,3.202,2018-04-18 14:00:00,9.547918011776346e-15
2018-04-18 18:00:00,23.0,75.9,2.967,2018-04-18 20:00:00,9.547918011776346e-15
2018-04-19 00:00:00,15.9,111.6,2.948,2018-04-19 02:00:00,9.547918011776346e-15
2018-04-19 06:00:00,16.6,138.3,5.63,2018-04-19 08:00:00,9.547918011776346e-15
2018-04-19 12:00:00,26.2,193.0,3.27,2018-04-19 14:00:00,9.547918011776346e-15
2018-04-19 18:00:00,25.0,222.9,2.95,2018-04-19 20:00:00,9.547918011776346e-15
2018-04-20 00:00:00,16.3,181.4,1.78,2018-04-20 02:00:00,9.547918011776346e-15
2018-04-20 06:00:00,16.7,175.8,2.1790000000000003,2018-04-20 08:00:00,9.547918011776346e-15
2018-04-20 12:00:00,26.1,245.4,3.404,2018-04-20 14:00:00,9.547918011776346e-15
2018-04-20 18:00:00,23.6,347.1,3.455,2018-04-20 20:00:00,9.547918011776346e-15
2018-04-21 00:00:00,14.6,328.4,1.6119999999999999,2018-04-21 02:00:00,9.547918011776346e-15
2018-04-21 06:00:00,11.2,25.0,2.274,2018-04-21 08:00:00,9.547918011776346e-15
2018-04-21 12:00:00,22.0,66.7,2.565,2018-04-21 14:00:00,9.547918011776346e-15
2018-04-21 18:00:00,22.3,49.2,2.52,2018-04-21 20:00:00,9.547918011776346e-15
2018-04-22 00:00:00,15.6,85.7,2.747,2018-04-22 02:00:00,9.547918011776346e-15
2018-04-22 06:00:00,13.8,214.2,2.821,2018-04-22 08:00:00,9.547918011776346e-15
2018-04-22 12:00:00,26.4,206.4,4.993,2018-04-22 14:00:00,9.547918011776346e-15
2018-04-22 18:00:00,23.5,238.6,2.49,2018-04-22 20:00:00,9.547918011776346e-15
2018-04-23 00:00:00,16.1,247.7,3.0410000000000004,2018-04-23 02:00:00,9.547918011776346e-15
2018-04-23 06:00:00,11.4,251.0,2.819,2018-04-23 08:00:00,9.547918011776346e-15
2018-04-23 12:00:00,15.8,258.7,5.029,2018-04-23 14:00:00,9.547918011776346e-15
2018-04-23 18:00:00,14.0,248.0,4.695,2018-04-23 20:00:00,9.547918011776346e-15
2018-04-24 00:00:00,8.7,228.5,3.4739999999999998,2018-04-24 02:00:00,9.547918011776346e-15
2018-04-24 06:00:00,9.0,223.1,4.506,2018-04-24 08:00:00,9.547918011776346e-15
2018-04-24 12:00:00,13.0,225.8,4.708,2018-04-24 14:00:00,0.10000000000000955
2018-04-24 18:00:00,16.3,222.4,4.747,2018-04-24 20:00:00,9.547918011776346e-15
2018-04-25 00:00:00,13.5,222.5,3.824,2018-04-25 02:00:00,9.547918011776346e-15
2018-04-25 06:00:00,11.1,250.2,4.4319999999999995,2018-04-25 08:00:00,0.20000000000000956
2018-04-25 12:00:00,13.8,245.2,5.332999999999999,2018-04-25 14:00:00,0.30000000000000954
2018-04-25 18:00:00,12.7,256.7,6.535,2018-04-25 20:00:00,9.520162436160717e-15
2018-04-26 00:00:00,8.6,224.8,3.358,2018-04-26 02:00:00,9.520162436160717e-15
2018-04-26 06:00:00,7.9,242.6,3.714,2018-04-26 08:00:00,0.7000000000000095
2018-04-26 12:00:00,14.2,242.3,4.896,2018-04-26 14:00:00,9.547918011776346e-15
2018-04-26 18:00:00,12.6,251.1,3.755,2018-04-26 20:00:00,9.547918011776346e-15
2018-04-27 00:00:00,6.1,174.9,1.411,2018-04-27 02:00:00,9.547918011776346e-15
2018-04-27 06:00:00,6.9,127.6,1.9580000000000002,2018-04-27 08:00:00,9.547918011776346e-15
2018-04-27 12:00:00,16.0,164.2,5.044,2018-04-27 14:00:00,9.547918011776346e-15
2018-04-27 18:00:00,16.7,196.6,3.838,2018-04-27 20:00:00,9.547918011776346e-15
2018-04-28 00:00:00,12.3,197.0,2.615,2018-04-28 02:00:00,9.547918011776346e-15
2018-04-28 06:00:00,11.7,196.9,4.7,2018-04-28 08:00:00,9.547918011776346e-15
2018-04-28 12:00:00,13.4,203.5,4.6339999999999995,2018-04-28 14:00:00,9.547918011776346e-15
2018-04-28 18:00:00,14.3,225.4,2.3,2018-04-28 20:00:00,9.547918011776346e-15
2018-04-29 00:00:00,9.0,39.8,2.49,2018-04-29 02:00:00,9.547918011776346e-15
2018-04-29 06:00:00,9.0,37.0,3.4139999999999997,2018-04-29 08:00:00,0.10000000000000955
2018-04-29 12:00:00,10.3,32.7,4.516,2018-04-29 14:00:00,4.80000000000001
2018-04-29 18:00:00,11.6,2.3,3.95,2018-04-29 20:00:00,9.43689570931383e-15
2018-04-30 00:00:00,11.5,246.2,1.263,2018-04-30 02:00:00,19.700000000000006
2018-04-30 06:00:00,10.1,177.4,5.567,2018-04-30 08:00:00,8.300000000000004
2018-04-30 12:00:00,10.3,188.1,7.16,2018-04-30 14:00:00,4.3298697960381105e-15
2018-04-30 18:00:00,4.6,240.1,4.921,2018-04-30 20:00:00,1.8000000000000043
2018-05-01 00:00:00,4.8,241.1,5.114,2018-05-01 02:00:00,3.400000000000004
2018-05-01 06:00:00,5.0,223.4,4.385,2018-05-01 08:00:00,0.800000000000004
2018-05-01 12:00:00,11.5,254.8,4.298,2018-05-01 14:00:00,3.9968028886505635e-15
2018-05-01 18:00:00,11.6,242.2,2.377,2018-05-01 20:00:00,3.9968028886505635e-15
2018-05-02 00:00:00,5.5,138.7,2.52,2018-05-02 02:00:00,3.9968028886505635e-15
2018-05-02 06:00:00,6.6,166.8,3.952,2018-05-02 08:00:00,3.9968028886505635e-15
2018-05-02 12:00:00,14.7,192.4,7.21,2018-05-02 14:00:00,3.9968028886505635e-15
2018-05-02 18:00:00,14.6,199.1,4.6530000000000005,2018-05-02 20:00:00,3.9968028886505635e-15
2018-05-03 00:00:00,10.0,274.6,2.575,2018-05-03 02:00:00,0.200000000000004
2018-05-03 06:00:00,7.2,291.4,1.247,2018-05-03 08:00:00,3.9968028886505635e-15
2018-05-03 12:00:00,14.0,337.4,3.367,2018-05-03 14:00:00,3.9968028886505635e-15
2018-05-03 18:00:00,13.8,333.0,3.492,2018-05-03 20:00:00,3.9968028886505635e-15
2018-05-04 00:00:00,8.0,35.2,2.155,2018-05-04 02:00:00,3.9968028886505635e-15
2018-05-04 06:00:00,5.9,29.6,1.266,2018-05-04 08:00:00,3.9968028886505635e-15
2018-05-04 12:00:00,16.9,67.0,2.847,2018-05-04 14:00:00,3.9968028886505635e-15
2018-05-04 18:00:00,17.8,43.3,3.904,2018-05-04 20:00:00,3.9968028886505635e-15
2018-05-05 00:00:00,11.9,38.6,3.7689999999999997,2018-05-05 02:00:00,3.9968028886505635e-15
2018-05-05 06:00:00,9.7,77.3,3.0580000000000003,2018-05-05 08:00:00,3.9968028886505635e-15
2018-05-05 12:00:00,20.3,59.1,4.399,2018-05-05 14:00:00,3.9968028886505635e-15
2018-05-05 18:00:00,21.4,65.8,3.511,2018-05-05 20:00:00,3.9968028886505635e-15
2018-05-06 00:00:00,14.3,61.8,3.359,2018-05-06 02:00:00,3.9968028886505635e-15
2018-05-06 06:00:00,11.9,101.7,2.289,2018-05-06 08:00:00,3.9968028886505635e-15
2018-05-06 12:00:00,24.0,68.2,1.817,2018-05-06 14:00:00,3.9968028886505635e-15
2018-05-06 18:00:00,25.0,88.1,3.2289999999999996,2018-05-06 20:00:00,3.9968028886505635e-15
2018-05-07 00:00:00,15.7,102.0,2.605,2018-05-07 02:00:00,3.9968028886505635e-15
2018-05-07 06:00:00,13.0,88.2,1.794,2018-05-07 08:00:00,3.9968028886505635e-15
2018-05-07 12:00:00,24.4,103.1,2.316,2018-05-07 14:00:00,3.9968028886505635e-15
2018-05-07 18:00:00,24.2,82.7,2.396,2018-05-07 20:00:00,3.9968028886505635e-15
2018-05-08 00:00:00,15.3,95.2,1.821,2018-05-08 02:00:00,3.9968028886505635e-15
2018-05-08 06:00:00,14.1,140.4,2.823,2018-05-08 08:00:00,3.9968028886505635e-15
2018-05-08 12:00:00,26.4,131.4,2.553,2018-05-08 14:00:00,3.9968028886505635e-15
2018-05-08 18:00:00,25.8,286.2,1.895,2018-05-08 20:00:00,3.9968028886505635e-15
2018-05-09 00:00:00,16.7,301.2,2.05,2018-05-09 02:00:00,3.9968028886505635e-15
2018-05-09 06:00:00,14.1,249.3,2.193,2018-05-09 08:00:00,3.9968028886505635e-15
2018-05-09 12:00:00,22.0,292.7,2.637,2018-05-09 14:00:00,3.9968028886505635e-15
2018-05-09 18:00:00,19.4,318.1,3.262,2018-05-09 20:00:00,3.9968028886505635e-15
2018-05-10 00:00:00,13.7,278.2,3.786,2018-05-10 02:00:00,3.9968028886505635e-15
2018-05-10 06:00:00,10.8,245.8,4.2669999999999995,2018-05-10 08:00:00,3.9968028886505635e-15
2018-05-10 12:00:00,14.9,302.2,3.484,2018-05-10 14:00:00,3.9968028886505635e-15
2018-05-10 18:00:00,12.5,333.0,3.945,2018-05-10 20:00:00,3.9968028886505635e-15
2018-05-11 00:00:00,6.9,227.7,1.0,2018-05-11 02:00:00,3.9968028886505635e-15
2018-05-11 06:00:00,7.8,106.5,1.73,2018-05-11 08:00:00,3.9968028886505635e-15
2018-05-11 12:00:00,18.0,146.5,4.043,2018-05-11 14:00:00,3.9968028886505635e-15
2018-05-11 18:00:00,18.9,85.9,1.7280000000000002,2018-05-11 20:00:00,3.9968028886505635e-15
2018-05-12 00:00:00,11.2,105.7,1.585,2018-05-12 02:00:00,3.9968028886505635e-15
2018-05-12 06:00:00,13.5,139.4,3.435,2018-05-12 08:00:00,3.9968028886505635e-15
2018-05-12 12:00:00,23.3,147.1,3.4160000000000004,2018-05-12 14:00:00,3.9968028886505635e-15
2018-05-12 18:00:00,21.5,84.4,2.456,2018-05-12 20:00:00,3.9968028886505635e-15
2018-05-13 00:00:00,14.2,267.0,1.6980000000000002,2018-05-13 02:00:00,3.9968028886505635e-15
2018-05-13 06:00:00,11.9,263.5,2.674,2018-05-13 08:00:00,3.9968028886505635e-15
2018-05-13 12:00:00,11.3,280.4,2.677,2018-05-13 14:00:00,0.6000000000000041
2018-05-13 18:00:00,12.2,321.9,3.4010000000000002,2018-05-13 20:00:00,0.7000000000000042
2018-05-14 00:00:00,11.1,333.8,3.123,2018-05-14 02:00:00,4.191091917959966e-15
2018-05-14 06:00:00,11.2,339.2,3.444,2018-05-14 08:00:00,4.191091917959966e-15
2018-05-14 12:00:00,13.8,334.7,2.5989999999999998,2018-05-14 14:00:00,4.191091917959966e-15
2018-05-14 18:00:00,13.9,286.2,2.932,2018-05-14 20:00:00,4.191091917959966e-15
2018-05-15 00:00:00,11.6,286.1,2.911,2018-05-15 02:00:00,4.191091917959966e-15
2018-05-15 06:00:00,11.8,308.1,2.722,2018-05-15 08:00:00,4.191091917959966e-15
2018-05-15 12:00:00,22.1,48.8,4.388,2018-05-15 14:00:00,4.191091917959966e-15
2018-05-15 18:00:00,22.6,14.6,3.89,2018-05-15 20:00:00,4.191091917959966e-15
2018-05-16 00:00:00,14.7,309.0,2.204,2018-05-16 02:00:00,4.191091917959966e-15
2018-05-16 06:00:00,12.1,313.3,2.542,2018-05-16 08:00:00,4.191091917959966e-15
2018-05-16 12:00:00,21.0,8.2,5.885,2018-05-16 14:00:00,4.191091917959966e-15
2018-05-16 18:00:00,15.3,328.3,5.159,2018-05-16 20:00:00,4.191091917959966e-15
2018-05-17 00:00:00,10.6,344.4,3.727,2018-05-17 02:00:00,0.40000000000000424
2018-05-17 06:00:00,9.1,355.0,5.1339999999999995,2018-05-17 08:00:00,4.218847493575595e-15
2018-05-17 12:00:00,15.3,2.3,3.951,2018-05-17 14:00:00,4.218847493575595e-15
2018-05-17 18:00:00,13.3,340.7,4.9510000000000005,2018-05-17 20:00:00,4.218847493575595e-15
2018-05-18 00:00:00,7.8,4.6,2.6289999999999996,2018-05-18 02:00:00,4.218847493575595e-15
2018-05-18 06:00:00,7.9,18.4,4.052,2018-05-18 08:00:00,4.218847493575595e-15
2018-05-18 12:00:00,14.3,354.1,3.588,2018-05-18 14:00:00,4.218847493575595e-15
2018-05-18 18:00:00,13.1,342.5,3.935,2018-05-18 20:00:00,4.218847493575595e-15
2018-05-19 00:00:00,8.1,18.4,2.557,2018-05-19 02:00:00,4.218847493575595e-15
2018-05-19 06:00:00,8.5,5.8,2.7319999999999998,2018-05-19 08:00:00,4.218847493575595e-15
2018-05-19 12:00:00,11.2,18.7,1.972,2018-05-19 14:00:00,4.218847493575595e-15
2018-05-19 18:00:00,13.2,356.3,3.495,2018-05-19 20:00:00,4.218847493575595e-15
2018-05-20 00:00:00,9.4,33.2,2.336,2018-05-20 02:00:00,4.218847493575595e-15
2018-05-20 06:00:00,9.1,48.9,1.33,2018-05-20 08:00:00,4.218847493575595e-15
2018-05-20 12:00:00,19.8,101.0,3.59,2018-05-20 14:00:00,4.218847493575595e-15
2018-05-20 18:00:00,17.4,133.3,4.769,2018-05-20 20:00:00,4.218847493575595e-15
2018-05-21 00:00:00,14.7,82.1,2.226,2018-05-21 02:00:00,1.0000000000000042
2018-05-21 06:00:00,14.8,65.0,3.263,2018-05-21 08:00:00,0.10000000000000428
2018-05-21 12:00:00,21.4,49.4,3.4410000000000003,2018-05-21 14:00:00,4.274358644806853e-15
2018-05-21 18:00:00,22.5,245.9,1.245,2018-05-21 20:00:00,4.274358644806853e-15
2018-05-22 00:00:00,14.9,268.0,1.859,2018-05-22 02:00:00,4.274358644806853e-15
2018-05-22 06:00:00,13.6,84.2,1.0,2018-05-22 08:00:00,4.274358644806853e-15
2018-05-22 12:00:00,22.4,222.8,1.744,2018-05-22 14:00:00,4.274358644806853e-15
2018-05-22 18:00:00,17.4,310.9,1.952,2018-05-22 20:00:00,4.274358644806853e-15
2018-05-23 00:00:00,14.8,,0.0,2018-05-23 02:00:00,0.30000000000000426
2018-05-23 06:00:00,14.8,16.7,2.8289999999999997,2018-05-23 08:00:00,1.7000000000000044
2018-05-23 12:00:00,20.1,50.2,1.973,2018-05-23 14:00:00,1.5000000000000047
2018-05-23 18:00:00,18.3,13.3,1.52,2018-05-23 20:00:00,4.551914400963142e-15
2018-05-24 00:00:00,15.1,311.2,1.307,2018-05-24 02:00:00,4.600000000000004
2018-05-24 06:00:00,15.5,68.5,2.7939999999999996,2018-05-24 08:00:00,4.440892098500626e-15
2018-05-24 12:00:00,22.8,56.7,3.0639999999999996,2018-05-24 14:00:00,4.440892098500626e-15
2018-05-24 18:00:00,18.3,196.1,1.137,2018-05-24 20:00:00,0.40000000000000446
2018-05-25 00:00:00,14.3,109.9,1.5030000000000001,2018-05-25 02:00:00,4.440892098500626e-15
2018-05-25 06:00:00,14.4,253.3,1.114,2018-05-25 08:00:00,4.440892098500626e-15
2018-05-25 12:00:00,23.8,169.3,1.9240000000000002,2018-05-25 14:00:00,4.440892098500626e-15
2018-05-25 18:00:00,24.0,18.3,1.665,2018-05-25 20:00:00,4.440892098500626e-15
2018-05-26 00:00:00,17.3,27.5,1.8319999999999999,2018-05-26 02:00:00,4.440892098500626e-15
2018-05-26 06:00:00,17.3,98.4,1.3,2018-05-26 08:00:00,4.440892098500626e-15
2018-05-26 12:00:00,26.9,106.7,2.967,2018-05-26 14:00:00,4.440892098500626e-15
2018-05-26 18:00:00,27.1,76.9,3.245,2018-05-26 20:00:00,4.440892098500626e-15
2018-05-27 00:00:00,21.3,71.9,2.327,2018-05-27 02:00:00,4.440892098500626e-15
2018-05-27 06:00:00,19.6,90.8,3.029,2018-05-27 08:00:00,4.440892098500626e-15
2018-05-27 12:00:00,24.5,186.5,4.968,2018-05-27 14:00:00,0.3000000000000045
2018-05-27 18:00:00,22.9,108.4,1.818,2018-05-27 20:00:00,4.468647674116255e-15
2018-05-28 00:00:00,18.0,117.6,1.32,2018-05-28 02:00:00,0.6000000000000045
2018-05-28 06:00:00,18.3,100.4,1.5119999999999998,2018-05-28 08:00:00,4.496403249731884e-15
2018-05-28 12:00:00,26.6,41.9,2.372,2018-05-28 14:00:00,4.496403249731884e-15
2018-05-28 18:00:00,27.4,41.5,3.7560000000000002,2018-05-28 20:00:00,4.496403249731884e-15
2018-05-29 00:00:00,22.6,41.4,4.166,2018-05-29 02:00:00,4.496403249731884e-15
2018-05-29 06:00:00,19.4,312.4,1.51,2018-05-29 08:00:00,4.496403249731884e-15
2018-05-29 12:00:00,23.9,198.3,3.752,2018-05-29 14:00:00,4.496403249731884e-15
2018-05-29 18:00:00,19.8,270.5,2.256,2018-05-29 20:00:00,0.2000000000000045
2018-05-30 00:00:00,16.6,155.8,3.056,2018-05-30 02:00:00,4.496403249731884e-15
2018-05-30 06:00:00,17.3,155.8,1.8319999999999999,2018-05-30 08:00:00,4.496403249731884e-15
2018-05-30 12:00:00,24.2,175.3,2.742,2018-05-30 14:00:00,4.496403249731884e-15
2018-05-30 18:00:00,25.0,241.7,1.8159999999999998,2018-05-30 20:00:00,4.496403249731884e-15
2018-05-31 00:00:00,19.3,307.8,1.0,2018-05-31 02:00:00,4.496403249731884e-15
2018-05-31 06:00:00,18.5,297.0,1.0,2018-05-31 08:00:00,0.1000000000000045
2018-05-31 12:00:00,24.6,127.0,1.621,2018-05-31 14:00:00,0.3000000000000045
2018-05-31 18:00:00,25.5,232.5,1.817,2018-05-31 20:00:00,4.496403249731884e-15
2018-06-01 00:00:00,18.9,294.9,2.519,2018-06-01 02:00:00,4.496403249731884e-15
2018-06-01 06:00:00,17.0,261.4,2.3819999999999997,2018-06-01 08:00:00,4.496403249731884e-15
2018-06-01 12:00:00,17.3,256.7,2.211,2018-06-01 14:00:00,4.900000000000005
2018-06-01 18:00:00,18.1,286.0,1.0,2018-06-01 20:00:00,2.300000000000005
2018-06-02 00:00:00,15.4,248.8,2.688,2018-06-02 02:00:00,1.1000000000000052
2018-06-02 06:00:00,14.7,222.6,3.264,2018-06-02 08:00:00,5.10702591327572e-15
2018-06-02 12:00:00,17.4,236.8,2.441,2018-06-02 14:00:00,5.10702591327572e-15
2018-06-02 18:00:00,18.8,236.4,1.715,2018-06-02 20:00:00,5.10702591327572e-15
2018-06-03 00:00:00,14.2,219.0,1.2690000000000001,2018-06-03 02:00:00,5.10702591327572e-15
2018-06-03 06:00:00,14.6,237.1,1.141,2018-06-03 08:00:00,5.10702591327572e-15
2018-06-03 12:00:00,23.1,63.0,1.945,2018-06-03 14:00:00,5.10702591327572e-15
2018-06-03 18:00:00,22.6,87.5,1.1079999999999999,2018-06-03 20:00:00,5.10702591327572e-15
2018-06-04 00:00:00,17.9,21.9,3.23,2018-06-04 02:00:00,5.10702591327572e-15
2018-06-04 06:00:00,16.6,19.5,2.529,2018-06-04 08:00:00,5.10702591327572e-15
2018-06-04 12:00:00,23.6,26.5,2.969,2018-06-04 14:00:00,5.10702591327572e-15
2018-06-04 18:00:00,22.6,12.7,4.577,2018-06-04 20:00:00,5.10702591327572e-15
2018-06-05 00:00:00,16.3,20.9,3.397,2018-06-05 02:00:00,5.10702591327572e-15
2018-06-05 06:00:00,15.6,36.6,2.722,2018-06-05 08:00:00,5.10702591327572e-15
2018-06-05 12:00:00,17.6,25.8,3.284,2018-06-05 14:00:00,5.10702591327572e-15
2018-06-05 18:00:00,19.0,18.9,3.378,2018-06-05 20:00:00,5.10702591327572e-15
2018-06-06 00:00:00,14.3,16.7,2.542,2018-06-06 02:00:00,5.10702591327572e-15
2018-06-06 06:00:00,13.7,65.3,2.2359999999999998,2018-06-06 08:00:00,5.10702591327572e-15
2018-06-06 12:00:00,24.5,27.2,3.0860000000000003,2018-06-06 14:00:00,5.10702591327572e-15
2018-06-06 18:00:00,27.2,89.6,1.4380000000000002,2018-06-06 20:00:00,5.10702591327572e-15
2018-06-07 00:00:00,20.5,339.7,1.074,2018-06-07 02:00:00,5.10702591327572e-15
2018-06-07 06:00:00,18.7,297.5,1.005,2018-06-07 08:00:00,5.10702591327572e-15
2018-06-07 12:00:00,23.5,147.3,2.7,2018-06-07 14:00:00,6.000000000000005
2018-06-07 18:00:00,22.6,325.7,2.303,2018-06-07 20:00:00,5.329070518200751e-15
2018-06-08 00:00:00,18.3,64.9,1.0,2018-06-08 02:00:00,0.3000000000000053
2018-06-08 06:00:00,15.8,324.8,1.3419999999999999,2018-06-08 08:00:00,0.7000000000000053
2018-06-08 12:00:00,22.4,5.4,2.635,2018-06-08 14:00:00,5.2735593669694936e-15
2018-06-08 18:00:00,22.1,355.1,3.9339999999999997,2018-06-08 20:00:00,5.2735593669694936e-15
2018-06-09 00:00:00,16.0,326.3,2.403,2018-06-09 02:00:00,5.2735593669694936e-15
2018-06-09 06:00:00,16.7,289.2,1.236,2018-06-09 08:00:00,5.2735593669694936e-15
2018-06-09 12:00:00,20.9,327.6,1.642,2018-06-09 14:00:00,5.2735593669694936e-15
2018-06-09 18:00:00,23.8,325.0,2.412,2018-06-09 20:00:00,5.2735593669694936e-15
2018-06-10 00:00:00,17.0,313.0,2.3819999999999997,2018-06-10 02:00:00,5.2735593669694936e-15
2018-06-10 06:00:00,17.1,13.5,2.779,2018-06-10 08:00:00,5.2735593669694936e-15
2018-06-10 12:00:00,23.6,356.8,2.67,2018-06-10 14:00:00,5.2735593669694936e-15
2018-06-10 18:00:00,24.0,21.1,3.424,2018-06-10 20:00:00,5.2735593669694936e-15
2018-06-11 00:00:00,18.0,42.5,3.9810000000000003,2018-06-11 02:00:00,5.2735593669694936e-15
2018-06-11 06:00:00,15.9,61.1,4.007,2018-06-11 08:00:00,5.2735593669694936e-15
2018-06-11 12:00:00,21.8,23.8,3.187,2018-06-11 14:00:00,5.2735593669694936e-15
2018-06-11 18:00:00,19.9,54.9,2.59,2018-06-11 20:00:00,0.10000000000000528
2018-06-12 00:00:00,17.5,28.3,4.486000000000001,2018-06-12 02:00:00,5.2735593669694936e-15
2018-06-12 06:00:00,14.1,33.7,4.494,2018-06-12 08:00:00,5.2735593669694936e-15
2018-06-12 12:00:00,16.2,21.2,3.177,2018-06-12 14:00:00,5.2735593669694936e-15
2018-06-12 18:00:00,15.1,344.9,5.9510000000000005,2018-06-12 20:00:00,5.2735593669694936e-15
2018-06-13 00:00:00,11.7,326.9,2.44,2018-06-13 02:00:00,5.2735593669694936e-15
2018-06-13 06:00:00,12.6,286.1,1.524,2018-06-13 08:00:00,5.2735593669694936e-15
2018-06-13 12:00:00,17.4,342.0,4.098,2018-06-13 14:00:00,5.2735593669694936e-15
2018-06-13 18:00:00,18.3,125.8,1.119,2018-06-13 20:00:00,5.2735593669694936e-15
2018-06-14 00:00:00,11.7,200.0,2.055,2018-06-14 02:00:00,5.2735593669694936e-15
2018-06-14 06:00:00,13.3,181.2,2.785,2018-06-14 08:00:00,5.2735593669694936e-15
2018-06-14 12:00:00,18.6,192.2,6.181,2018-06-14 14:00:00,5.2735593669694936e-15
2018-06-14 18:00:00,16.4,226.1,2.988,2018-06-14 20:00:00,0.30000000000000526
2018-06-15 00:00:00,13.4,198.9,1.942,2018-06-15 02:00:00,0.10000000000000528
2018-06-15 06:00:00,12.5,206.0,1.851,2018-06-15 08:00:00,5.2735593669694936e-15
2018-06-15 12:00:00,21.8,157.7,2.459,2018-06-15 14:00:00,5.2735593669694936e-15
2018-06-15 18:00:00,22.9,245.4,2.15,2018-06-15 20:00:00,5.2735593669694936e-15
2018-06-16 00:00:00,14.5,268.6,1.696,2018-06-16 02:00:00,5.2735593669694936e-15
2018-06-16 06:00:00,13.5,233.5,1.76,2018-06-16 08:00:00,5.2735593669694936e-15
2018-06-16 12:00:00,20.7,234.5,3.319,2018-06-16 14:00:00,5.2735593669694936e-15
2018-06-16 18:00:00,19.4,247.9,3.3760000000000003,2018-06-16 20:00:00,5.2735593669694936e-15
2018-06-17 00:00:00,15.5,216.0,2.51,2018-06-17 02:00:00,5.2735593669694936e-15
2018-06-17 06:00:00,14.0,226.0,3.975,2018-06-17 08:00:00,5.2735593669694936e-15
2018-06-17 12:00:00,16.0,237.3,3.7960000000000003,2018-06-17 14:00:00,5.2735593669694936e-15
2018-06-17 18:00:00,17.3,241.9,5.22,2018-06-17 20:00:00,5.2735593669694936e-15
2018-06-18 00:00:00,15.7,229.7,1.4580000000000002,2018-06-18 02:00:00,5.2735593669694936e-15
2018-06-18 06:00:00,15.6,208.3,3.2769999999999997,2018-06-18 08:00:00,5.2735593669694936e-15
2018-06-18 12:00:00,17.8,233.6,3.7680000000000002,2018-06-18 14:00:00,5.2735593669694936e-15
2018-06-18 18:00:00,19.3,248.1,4.667,2018-06-18 20:00:00,5.2735593669694936e-15
2018-06-19 00:00:00,14.2,221.7,3.5269999999999997,2018-06-19 02:00:00,5.2735593669694936e-15
2018-06-19 06:00:00,16.4,239.9,2.966,2018-06-19 08:00:00,5.2735593669694936e-15
2018-06-19 12:00:00,18.9,235.7,2.293,2018-06-19 14:00:00,5.2735593669694936e-15
2018-06-19 18:00:00,19.7,247.4,2.33,2018-06-19 20:00:00,5.2735593669694936e-15
2018-06-20 00:00:00,17.5,220.5,1.964,2018-06-20 02:00:00,5.2735593669694936e-15
2018-06-20 06:00:00,17.0,215.1,3.9219999999999997,2018-06-20 08:00:00,5.2735593669694936e-15
2018-06-20 12:00:00,24.6,241.2,3.2760000000000002,2018-06-20 14:00:00,5.2735593669694936e-15
2018-06-20 18:00:00,24.7,259.2,3.2460000000000004,2018-06-20 20:00:00,5.2735593669694936e-15
2018-06-21 00:00:00,17.1,229.2,1.696,2018-06-21 02:00:00,5.2735593669694936e-15
2018-06-21 06:00:00,15.8,299.8,4.979,2018-06-21 08:00:00,5.2735593669694936e-15
2018-06-21 12:00:00,16.2,314.9,6.755,2018-06-21 14:00:00,5.2735593669694936e-15
2018-06-21 18:00:00,13.5,331.5,5.609,2018-06-21 20:00:00,5.2735593669694936e-15
2018-06-22 00:00:00,8.6,261.2,1.6840000000000002,2018-06-22 02:00:00,5.2735593669694936e-15
2018-06-22 06:00:00,10.4,268.0,2.737,2018-06-22 08:00:00,5.2735593669694936e-15
2018-06-22 12:00:00,15.7,345.4,6.556,2018-06-22 14:00:00,5.2735593669694936e-15
2018-06-22 18:00:00,14.3,343.2,4.5280000000000005,2018-06-22 20:00:00,5.2735593669694936e-15
2018-06-23 00:00:00,10.4,337.3,2.238,2018-06-23 02:00:00,5.2735593669694936e-15
2018-06-23 06:00:00,9.6,232.7,1.022,2018-06-23 08:00:00,5.2735593669694936e-15
2018-06-23 12:00:00,19.1,340.6,3.02,2018-06-23 14:00:00,5.2735593669694936e-15
2018-06-23 18:00:00,20.2,324.3,2.5789999999999997,2018-06-23 20:00:00,5.2735593669694936e-15
2018-06-24 00:00:00,14.0,299.1,1.6869999999999998,2018-06-24 02:00:00,5.2735593669694936e-15
2018-06-24 06:00:00,12.8,343.6,3.278,2018-06-24 08:00:00,5.2735593669694936e-15
2018-06-24 12:00:00,18.1,356.0,2.9960000000000004,2018-06-24 14:00:00,5.2735593669694936e-15
2018-06-24 18:00:00,18.3,345.6,5.092,2018-06-24 20:00:00,5.2735593669694936e-15
2018-06-25 00:00:00,14.3,353.5,2.548,2018-06-25 02:00:00,5.2735593669694936e-15
2018-06-25 06:00:00,14.3,5.9,2.378,2018-06-25 08:00:00,5.2735593669694936e-15
2018-06-25 12:00:00,21.1,339.2,3.404,2018-06-25 14:00:00,5.2735593669694936e-15
2018-06-25 18:00:00,22.1,349.8,3.7539999999999996,2018-06-25 20:00:00,5.2735593669694936e-15
2018-06-26 00:00:00,15.2,24.5,3.091,2018-06-26 02:00:00,5.2735593669694936e-15
2018-06-26 06:00:00,12.8,47.8,2.931,2018-06-26 08:00:00,0.10000000000000528
2018-06-26 12:00:00,20.2,2.8,3.7560000000000002,2018-06-26 14:00:00,5.2735593669694936e-15
2018-06-26 18:00:00,23.3,7.8,3.91,2018-06-26 20:00:00,5.2735593669694936e-15
2018-06-27 00:00:00,16.7,44.0,3.5610000000000004,2018-06-27 02:00:00,5.2735593669694936e-15
2018-06-27 06:00:00,15.5,56.1,3.653,2018-06-27 08:00:00,5.2735593669694936e-15
2018-06-27 12:00:00,23.3,47.0,3.426,2018-06-27 14:00:00,5.2735593669694936e-15
2018-06-27 18:00:00,26.0,38.7,3.035,2018-06-27 20:00:00,5.2735593669694936e-15
2018-06-28 00:00:00,19.1,45.3,3.807,2018-06-28 02:00:00,5.2735593669694936e-15
2018-06-28 06:00:00,17.3,65.2,3.031,2018-06-28 08:00:00,5.2735593669694936e-15
2018-06-28 12:00:00,26.3,55.1,4.323,2018-06-28 14:00:00,5.2735593669694936e-15
2018-06-28 18:00:00,26.3,33.6,3.892,2018-06-28 20:00:00,5.2735593669694936e-15
2018-06-29 00:00:00,20.0,29.6,4.245,2018-06-29 02:00:00,5.2735593669694936e-15
2018-06-29 06:00:00,18.0,44.2,4.115,2018-06-29 08:00:00,5.2735593669694936e-15
2018-06-29 12:00:00,26.8,55.1,4.093,2018-06-29 14:00:00,5.2735593669694936e-15
2018-06-29 18:00:00,26.9,20.0,4.144,2018-06-29 20:00:00,5.2735593669694936e-15
2018-06-30 00:00:00,18.3,30.0,3.338,2018-06-30 02:00:00,5.2735593669694936e-15
2018-06-30 06:00:00,16.2,62.5,2.576,2018-06-30 08:00:00,5.2735593669694936e-15
2018-06-30 12:00:00,27.0,81.9,1.784,2018-06-30 14:00:00,5.2735593669694936e-15
2018-06-30 18:00:00,28.6,97.2,2.559,2018-06-30 20:00:00,5.2735593669694936e-15
2018-07-01 00:00:00,20.8,71.2,2.7960000000000003,2018-07-01 02:00:00,5.2735593669694936e-15
2018-07-01 06:00:00,18.7,96.0,3.15,2018-07-01 08:00:00,5.2735593669694936e-15
2018-07-01 12:00:00,27.6,95.3,3.551,2018-07-01 14:00:00,5.2735593669694936e-15
2018-07-01 18:00:00,26.9,74.7,3.84,2018-07-01 20:00:00,5.2735593669694936e-15
2018-07-02 00:00:00,19.0,78.1,3.1460000000000004,2018-07-02 02:00:00,5.2735593669694936e-15
2018-07-02 06:00:00,16.9,73.7,3.202,2018-07-02 08:00:00,5.2735593669694936e-15
2018-07-02 12:00:00,27.2,94.5,3.103,2018-07-02 14:00:00,5.2735593669694936e-15
2018-07-02 18:00:00,27.1,83.0,3.767,2018-07-02 20:00:00,5.2735593669694936e-15
2018-07-03 00:00:00,19.6,60.8,3.693,2018-07-03 02:00:00,5.2735593669694936e-15
2018-07-03 06:00:00,16.6,77.1,2.642,2018-07-03 08:00:00,5.2735593669694936e-15
2018-07-03 12:00:00,27.5,43.9,2.362,2018-07-03 14:00:00,5.2735593669694936e-15
2018-07-03 18:00:00,28.1,92.2,1.973,2018-07-03 20:00:00,5.2735593669694936e-15
2018-07-04 00:00:00,20.7,40.4,3.846,2018-07-04 02:00:00,5.2735593669694936e-15
2018-07-04 06:00:00,18.4,358.9,1.095,2018-07-04 08:00:00,5.2735593669694936e-15
2018-07-04 12:00:00,26.4,283.0,2.745,2018-07-04 14:00:00,5.2735593669694936e-15
2018-07-04 18:00:00,27.1,342.4,3.5,2018-07-04 20:00:00,5.2735593669694936e-15
2018-07-05 00:00:00,19.0,218.3,1.558,2018-07-05 02:00:00,15.500000000000004
2018-07-05 06:00:00,17.3,308.6,1.0,2018-07-05 08:00:00,0.4000000000000048
2018-07-05 12:00:00,24.9,327.5,2.529,2018-07-05 14:00:00,4.773959005888173e-15
2018-07-05 18:00:00,23.8,333.4,4.314,2018-07-05 20:00:00,4.773959005888173e-15
2018-07-06 00:00:00,16.9,328.3,1.0,2018-07-06 02:00:00,4.773959005888173e-15
2018-07-06 06:00:00,18.1,301.0,1.13,2018-07-06 08:00:00,4.773959005888173e-15
2018-07-06 12:00:00,25.7,340.5,2.057,2018-07-06 14:00:00,4.773959005888173e-15
2018-07-06 18:00:00,26.1,288.2,2.266,2018-07-06 20:00:00,4.773959005888173e-15
2018-07-07 00:00:00,19.5,306.2,1.335,2018-07-07 02:00:00,4.773959005888173e-15
2018-07-07 06:00:00,17.4,28.6,1.225,2018-07-07 08:00:00,4.773959005888173e-15
2018-07-07 12:00:00,25.9,38.5,1.7530000000000001,2018-07-07 14:00:00,4.773959005888173e-15
2018-07-07 18:00:00,25.9,20.8,3.285,2018-07-07 20:00:00,4.773959005888173e-15
2018-07-08 00:00:00,19.6,50.5,3.0980000000000003,2018-07-08 02:00:00,4.773959005888173e-15
2018-07-08 06:00:00,16.6,74.6,2.253,2018-07-08 08:00:00,4.773959005888173e-15
2018-07-08 12:00:00,23.9,4.6,3.5869999999999997,2018-07-08 14:00:00,4.773959005888173e-15
2018-07-08 18:00:00,23.6,341.5,5.125,2018-07-08 20:00:00,4.773959005888173e-15
2018-07-09 00:00:00,18.4,359.2,2.318,2018-07-09 02:00:00,4.773959005888173e-15
2018-07-09 06:00:00,16.8,12.9,2.748,2018-07-09 08:00:00,4.773959005888173e-15
2018-07-09 12:00:00,23.7,353.8,2.537,2018-07-09 14:00:00,4.773959005888173e-15
2018-07-09 18:00:00,22.6,338.4,3.8960000000000004,2018-07-09 20:00:00,4.773959005888173e-15
2018-07-10 00:00:00,15.9,342.2,4.621,2018-07-10 02:00:00,4.773959005888173e-15
