time,number,latitude,longitude,u10,v10,t2m,d2m,tp
2023-04-01 00:00:00,1,50.75,4.25,6.274622,4.4660225,281.8192,280.54785,0.0
2023-04-01 00:00:00,2,50.75,4.25,6.0294075,3.880331,281.849,280.89087,0.0
2023-04-01 00:00:00,3,50.75,4.25,7.174402,3.2213998,282.10864,280.8493,0.0
2023-04-01 00:00:00,4,50.75,4.25,7.22771,1.8897182,282.06284,280.7645,0.0
2023-04-01 00:00:00,5,50.75,4.25,7.666814,1.796671,281.83972,280.58652,0.0
2023-04-01 00:00:00,6,50.75,4.25,8.30328,3.6057954,282.1387,280.87024,0.0
2023-04-01 00:00:00,7,50.75,4.25,6.6324015,3.487414,281.858,280.6043,0.0
2023-04-01 00:00:00,8,50.75,4.25,6.939106,3.7052917,281.80917,280.54642,0.0
2023-04-01 00:00:00,9,50.75,4.25,7.2924223,3.5896735,281.79816,280.54468,0.0
2023-04-01 00:00:00,10,50.75,4.25,6.5476055,2.0792675,281.96094,280.76334,0.0
2023-04-01 00:00:00,11,50.75,4.25,6.978776,1.6232437,281.9444,280.7344,0.0
2023-04-01 00:00:00,12,50.75,4.25,6.8292675,3.386075,281.79718,280.69656,0.0
2023-04-01 00:00:00,13,50.75,4.25,6.630418,3.8741126,281.82797,280.61575,0.0
2023-04-01 00:00:00,14,50.75,4.25,6.188834,5.0309854,281.80368,280.62637,0.0
2023-04-01 00:00:00,15,50.75,4.25,4.869041,4.2767034,281.68198,280.76965,0.0
2023-04-01 00:00:00,16,50.75,4.25,5.0547495,5.051944,281.62967,280.62723,0.0
2023-04-01 00:00:00,17,50.75,4.25,5.298724,4.4588823,281.8753,280.7559,0.0
2023-04-01 00:00:00,18,50.75,4.25,5.0036736,4.506558,281.5653,280.6169,0.0
2023-04-01 00:00:00,19,50.75,4.25,6.0846987,3.8614454,281.79315,280.79343,0.0
2023-04-01 00:00:00,20,50.75,4.25,6.4511566,3.3119135,281.76837,280.7192,0.0
2023-04-01 00:00:00,21,50.75,4.25,7.3935823,4.2679515,281.97095,280.68024,0.0
2023-04-01 00:00:00,22,50.75,4.25,5.553112,3.7870536,281.9161,280.8304,0.0
2023-04-01 00:00:00,23,50.75,4.25,6.391898,4.4478273,281.77414,280.58136,0.0
2023-04-01 00:00:00,24,50.75,4.25,7.2971334,2.9629865,281.95493,280.74185,0.0
2023-04-01 00:00:00,25,50.75,4.25,6.0061016,3.4454966,281.82397,280.68423,0.0
2023-04-01 00:00:00,26,50.75,4.25,6.8245564,3.5712485,282.0155,280.82382,0.0
2023-04-01 00:00:00,27,50.75,4.25,6.190818,4.272788,281.83948,280.77338,0.0
2023-04-01 00:00:00,28,50.75,4.25,7.55896,4.1350594,281.98572,280.67194,0.0
2023-04-01 00:00:00,29,50.75,4.25,5.052022,4.615727,281.68726,280.7149,0.0
2023-04-01 00:00:00,30,50.75,4.25,6.021474,4.5284376,281.76462,280.59885,0.0
2023-04-01 00:00:00,31,50.75,4.25,5.3302126,4.5134673,281.76587,280.8585,0.0
2023-04-01 00:00:00,32,50.75,4.25,6.543391,3.6905518,281.87503,280.7536,0.0
2023-04-01 00:00:00,33,50.75,4.25,5.1095448,4.1322956,281.80917,280.8774,0.0
2023-04-01 00:00:00,34,50.75,4.25,6.0579214,3.8697367,281.7546,280.74387,0.0
2023-04-01 00:00:00,35,50.75,4.25,5.8776674,4.472471,281.65268,280.55328,0.0
2023-04-01 00:00:00,36,50.75,4.25,6.3626413,4.0652742,281.95667,280.7275,0.0
2023-04-01 00:00:00,37,50.75,4.25,5.845931,3.5311737,281.90158,280.93155,0.0
2023-04-01 00:00:00,38,50.75,4.25,7.001587,3.7294745,281.97644,280.75388,0.0
2023-04-01 00:00:00,39,50.75,4.25,6.6532288,3.8091636,281.82596,280.72122,0.0
2023-04-01 00:00:00,40,50.75,4.25,6.4072704,4.396237,281.7859,280.54584,0.0
2023-04-01 00:00:00,41,50.75,4.25,6.646287,1.7386316,282.30096,280.9814,0.0
2023-04-01 00:00:00,42,50.75,4.25,7.4277983,2.9966125,281.78064,280.3871,0.0
2023-04-01 00:00:00,43,50.75,4.25,4.9865656,4.2336345,281.49994,280.62064,0.0
2023-04-01 00:00:00,44,50.75,4.25,6.583805,3.6698232,281.70126,280.5106,0.0
2023-04-01 00:00:00,45,50.75,4.25,6.893484,4.0429335,281.8668,280.60342,0.0
2023-04-01 00:00:00,46,50.75,4.25,4.975408,4.431245,281.6747,280.66647,0.0
2023-04-01 00:00:00,47,50.75,4.25,6.7229004,3.5410771,281.78964,280.5427,0.0
2023-04-01 00:00:00,48,50.75,4.25,5.5211277,4.555615,281.67023,280.81607,0.0
2023-04-01 00:00:00,49,50.75,4.25,7.406475,3.3119135,282.0984,280.792,0.0
2023-04-01 00:00:00,50,50.75,4.25,5.44005,4.445985,281.87555,280.95477,0.0
2023-04-01 06:00:00,1,50.75,4.25,6.663147,-0.3141665,281.73282,280.9327,3.6246586
2023-04-01 06:00:00,2,50.75,4.25,6.427602,-0.3171606,281.71454,280.94675,2.821087
2023-04-01 06:00:00,3,50.75,4.25,5.9500666,0.37240267,281.82898,281.07083,1.5098276
2023-04-01 06:00:00,4,50.75,4.25,6.685461,0.49469995,281.60385,280.95132,1.4779854
2023-04-01 06:00:00,5,50.75,4.25,5.991968,0.036142707,281.7298,280.82468,1.1706533
2023-04-01 06:00:00,6,50.75,4.25,6.5748796,0.119977355,281.83798,281.20837,2.835041
2023-04-01 06:00:00,7,50.75,4.25,6.6881886,0.2570148,281.65643,280.97684,3.316969
2023-04-01 06:00:00,8,50.75,4.25,6.408758,0.31321168,281.61813,280.93472,1.7087526
2023-04-01 06:00:00,9,50.75,4.25,6.4975214,-0.23931411,281.72757,280.8989,1.3402405
2023-04-01 06:00:00,10,50.75,4.25,6.336855,0.48709953,281.68875,280.9479,1.1788816
2023-04-01 06:00:00,11,50.75,4.25,6.196025,0.5872866,281.32016,280.75015,0.9885435
2023-04-01 06:00:00,12,50.75,4.25,6.86026,-0.050916404,281.5846,280.89056,1.5606318
2023-04-01 06:00:00,13,50.75,4.25,6.2334633,-0.28307396,281.41257,280.77252,1.4636736
2023-04-01 06:00:00,14,50.75,4.25,6.3956175,-0.4472886,281.36725,280.7622,2.2368345
2023-04-01 06:00:00,15,50.75,4.25,6.240158,0.26046956,281.69702,280.9493,2.4704638
2023-04-01 06:00:00,16,50.75,4.25,6.6274433,0.07322341,281.70352,280.78827,3.05579
2023-04-01 06:00:00,17,50.75,4.25,5.7080755,0.6821765,281.8192,281.02957,1.6761942
2023-04-01 06:00:00,18,50.75,4.25,6.0983353,-0.47861147,281.48016,280.85477,2.0561562
2023-04-01 06:00:00,19,50.75,4.25,6.337599,0.6015662,281.6472,280.935,3.1938934
2023-04-01 06:00:00,20,50.75,4.25,6.2389183,0.013111174,281.63968,281.0482,2.1334362
2023-04-01 06:00:00,21,50.75,4.25,6.1310635,-0.057825863,281.76562,281.06912,2.4389791
2023-04-01 06:00:00,22,50.75,4.25,6.404296,-0.23424718,281.74533,280.45386,1.6897907
2023-04-01 06:00:00,23,50.75,4.25,6.2161074,-0.2160523,281.6657,280.81693,1.7806664
2023-04-01 06:00:00,24,50.75,4.25,6.420908,-0.48874533,281.51648,280.80777,2.1781588
2023-04-01 06:00:00,25,50.75,4.25,6.752901,-0.07233569,281.51822,280.73325,2.4307508
2023-04-01 06:00:00,26,50.75,4.25,6.4300814,-0.5730406,281.77914,281.0955,2.790676
2023-04-01 06:00:00,27,50.75,4.25,5.9837866,0.66973937,281.74985,281.1594,2.4597301
2023-04-01 06:00:00,28,50.75,4.25,6.3276815,0.57761335,281.76688,281.05994,2.344884
2023-04-01 06:00:00,29,50.75,4.25,5.3688917,0.52325904,281.7789,281.23505,2.8543606
2023-04-01 06:00:00,30,50.75,4.25,5.8940315,0.35443807,281.6965,280.9089,1.6042814
2023-04-01 06:00:00,31,50.75,4.25,5.7866726,0.05802262,281.79892,281.26828,3.0017653
2023-04-01 06:00:00,32,50.75,4.25,6.640336,-0.48759374,281.6344,281.01697,2.5942554
2023-04-01 06:00:00,33,50.75,4.25,5.6617107,0.0423612,281.67624,280.89056,2.3545437
2023-04-01 06:00:00,34,50.75,4.25,7.045472,-0.13889676,281.50522,280.79572,1.8261042
2023-04-01 06:00:00,35,50.75,4.25,5.8206406,-0.0020896196,281.55154,281.01523,3.0704594
2023-04-01 06:00:00,36,50.75,4.25,5.187646,0.66421187,281.76962,281.25797,2.3638458
2023-04-01 06:00:00,37,50.75,4.25,5.8707256,1.3523933,281.42032,280.76077,0.85902786
2023-04-01 06:00:00,38,50.75,4.25,5.8997345,0.45715857,281.70477,280.95822,2.17315
2023-04-01 06:00:00,39,50.75,4.25,5.682785,0.5191133,281.68173,281.13733,2.6726093
2023-04-01 06:00:00,40,50.75,4.25,6.641824,-0.5364205,281.3239,280.61804,5.5512986
2023-04-01 06:00:00,41,50.75,4.25,6.1543703,0.6487807,281.55054,280.96625,2.5166178
2023-04-01 06:00:00,42,50.75,4.25,6.5543003,-1.0219247,281.38,281.0545,3.272604
2023-04-01 06:00:00,43,50.75,4.25,5.7546883,0.5695523,281.6369,280.87338,2.9681349
2023-04-01 06:00:00,44,50.75,4.25,6.212389,0.2478022,281.50345,280.85046,1.966711
2023-04-01 06:00:00,45,50.75,4.25,5.8551044,-0.117247134,281.67572,281.04132,2.3280678
2023-04-01 06:00:00,46,50.75,4.25,6.6591797,0.065623045,281.5733,280.89343,3.230029
2023-04-01 06:00:00,47,50.75,4.25,6.380493,-0.28606808,281.56204,280.91208,2.672967
2023-04-01 06:00:00,48,50.75,4.25,6.566449,-0.1547885,281.8748,281.16626,1.8336172
2023-04-01 06:00:00,49,50.75,4.25,6.3103256,-0.5295111,281.66696,280.90692,1.6257477
2023-04-01 06:00:00,50,50.75,4.25,6.8285236,0.38760346,281.83398,280.83755,2.3255634
2023-04-01 12:00:00,1,50.75,4.25,5.845683,-1.1737022,282.85632,280.92783,5.076884
2023-04-01 12:00:00,2,50.75,4.25,5.9056845,-1.4802516,282.8458,281.10178,4.4099836
2023-04-01 12:00:00,3,50.75,4.25,6.144205,-1.4051689,283.08444,280.72665,2.523057
2023-04-01 12:00:00,4,50.75,4.25,5.678075,-1.3068244,282.2784,280.97052,4.331988
2023-04-01 12:00:00,5,50.75,4.25,5.7819624,-3.2499924,284.56674,280.58136,1.8754778
2023-04-01 12:00:00,6,50.75,4.25,6.1531305,-1.697669,283.8276,280.68683,3.3040886
2023-04-01 12:00:00,7,50.75,4.25,5.7197285,-2.1262853,282.816,280.99203,4.707656
2023-04-01 12:00:00,8,50.75,4.25,6.533225,-1.5288482,282.8378,281.11554,3.2346802
2023-04-01 12:00:00,9,50.75,4.25,5.6748514,-1.8985038,282.77295,280.9479,2.7212667
2023-04-01 12:00:00,10,50.75,4.25,5.811715,-0.7225151,282.7246,281.15765,2.9763632
2023-04-01 12:00:00,11,50.75,4.25,6.143709,-1.6640431,282.7907,280.86047,2.5924664
2023-04-01 12:00:00,12,50.75,4.25,5.548649,-1.7686061,282.6545,281.09576,3.0847702
2023-04-01 12:00:00,13,50.75,4.25,5.4998045,-0.7374856,282.69083,281.14304,3.6904898
2023-04-01 12:00:00,14,50.75,4.25,6.764555,-1.6550608,282.5263,280.95877,3.4014044
2023-04-01 12:00:00,15,50.75,4.25,6.0621357,-0.5887021,282.58765,280.87482,3.882975
2023-04-01 12:00:00,16,50.75,4.25,5.9570093,-1.4788697,283.4633,281.04047,4.0200047
2023-04-01 12:00:00,17,50.75,4.25,5.9788275,-2.029553,283.54465,280.55615,2.8836985
2023-04-01 12:00:00,18,50.75,4.25,6.5096703,-1.2098618,282.9725,280.72638,2.884056
2023-04-01 12:00:00,19,50.75,4.25,6.5924835,-1.7485687,282.84305,280.50198,4.754167
2023-04-01 12:00:00,20,50.75,4.25,5.772788,-0.016369164,283.0171,281.4944,3.3720665
2023-04-01 12:00:00,21,50.75,4.25,6.199991,-1.3683186,283.49332,280.91406,3.6461258
2023-04-01 12:00:00,22,50.75,4.25,6.1305676,-1.4726512,283.1886,280.9519,2.6543627
2023-04-01 12:00:00,23,50.75,4.25,5.5236073,-1.752484,283.40594,280.86365,2.6930027
2023-04-01 12:00:00,24,50.75,4.25,5.751713,-1.9526278,282.976,281.02554,4.1119537
2023-04-01 12:00:00,25,50.75,4.25,6.3552027,-1.1458342,282.58615,280.95648,6.004962
2023-04-01 12:00:00,26,50.75,4.25,5.581377,-0.97517073,282.86633,280.93384,4.399966
2023-04-01 12:00:00,27,50.75,4.25,5.518648,-1.5214779,282.70233,280.9837,4.205692
2023-04-01 12:00:00,28,50.75,4.25,5.8761797,-1.4728816,283.59525,280.68454,3.0232325
2023-04-01 12:00:00,29,50.75,4.25,5.310625,-2.1718879,283.5915,280.9413,3.774568
2023-04-01 12:00:00,30,50.75,4.25,5.982299,-1.41323,282.7006,280.8728,2.8461323
2023-04-01 12:00:00,31,50.75,4.25,5.4311247,-0.6868163,282.59366,281.14276,4.4099836
2023-04-01 12:00:00,32,50.75,4.25,6.207926,-1.1679444,282.8303,281.025,4.663291
2023-04-01 12:00:00,33,50.75,4.25,5.642371,-1.4491591,283.3576,280.39566,3.1026592
2023-04-01 12:00:00,34,50.75,4.25,5.766838,-0.8574797,282.75443,280.9433,3.3720665
2023-04-01 12:00:00,35,50.75,4.25,6.177925,-1.4413284,282.97678,280.74615,3.9624023
2023-04-01 12:00:00,36,50.75,4.25,5.778243,-1.277344,283.60574,281.03015,3.1888838
2023-04-01 12:00:00,37,50.75,4.25,5.8999825,-1.4489288,282.89587,280.94846,2.315546
2023-04-01 12:00:00,38,50.75,4.25,5.659727,-0.72781235,282.96475,280.96796,2.9452362
2023-04-01 12:00:00,39,50.75,4.25,5.112024,-1.2149286,283.54416,281.14133,3.7230482
2023-04-01 12:00:00,40,50.75,4.25,5.8325424,-0.669773,282.20004,281.06625,7.7942147
2023-04-01 12:00:00,41,50.75,4.25,6.094865,-1.753866,282.77872,280.7,5.5269694
2023-04-01 12:00:00,42,50.75,4.25,5.846923,-2.0263286,283.0083,281.4534,6.3663187
2023-04-01 12:00:00,43,50.75,4.25,5.4936056,-1.7603147,283.05438,280.56046,4.22215
2023-04-01 12:00:00,44,50.75,4.25,5.9716377,-1.7248462,282.50903,280.81064,3.515894
2023-04-01 12:00:00,45,50.75,4.25,6.2929697,-1.72761,283.60925,280.60718,2.9588318
2023-04-01 12:00:00,46,50.75,4.25,6.071806,-1.0069542,282.70108,281.119,5.7369857
2023-04-01 12:00:00,47,50.75,4.25,6.168007,-1.0502534,282.19504,280.80118,5.072948
2023-04-01 12:00:00,48,50.75,4.25,5.540715,-0.8581706,282.73938,281.11667,3.1026592
2023-04-01 12:00:00,49,50.75,4.25,6.3172684,-1.1520526,283.43924,280.8307,2.4171553
2023-04-01 12:00:00,50,50.75,4.25,6.160569,-0.75591075,283.133,281.32645,3.5634785
2023-04-01 18:00:00,1,50.75,4.25,4.448284,-2.2617106,281.38977,280.39282,6.355228
2023-04-01 18:00:00,2,50.75,4.25,4.9404483,-2.222557,281.23102,279.89188,5.3992424
2023-04-01 18:00:00,3,50.75,4.25,5.507987,-2.1320434,280.83716,280.03918,5.7291145
2023-04-01 18:00:00,4,50.75,4.25,4.7735834,-1.6334112,281.42032,279.95636,5.089406
2023-04-01 18:00:00,5,50.75,4.25,4.173813,-2.2469704,281.67096,280.3183,2.904808
2023-04-01 18:00:00,6,50.75,4.25,5.1685543,-2.3273504,281.08957,279.75977,4.0736713
2023-04-01 18:00:00,7,50.75,4.25,4.734409,-1.8324033,281.38028,280.5788,6.5770507
2023-04-01 18:00:00,8,50.75,4.25,5.107313,-1.4703481,281.06577,280.1283,5.2711577
2023-04-01 18:00:00,9,50.75,4.25,4.9059844,-1.5818206,281.52072,279.9985,3.504445
2023-04-01 18:00:00,10,50.75,4.25,5.3369064,-1.0661452,280.97763,280.3051,5.5309052
2023-04-01 18:00:00,11,50.75,4.25,4.498864,-2.097496,281.64694,280.74728,4.3788567
2023-04-01 18:00:00,12,50.75,4.25,4.3736534,-1.9496337,281.6011,280.30542,4.4668703
2023-04-01 18:00:00,13,50.75,4.25,3.990584,-2.1322737,281.8227,280.06354,4.147016
2023-04-01 18:00:00,14,50.75,4.25,5.355998,-1.7976258,281.26007,280.44955,5.477238
2023-04-01 18:00:00,15,50.75,4.25,5.547905,-1.2621433,281.37177,279.1024,4.3391433
2023-04-01 18:00:00,16,50.75,4.25,4.504319,-1.7504112,281.7764,279.79358,4.6790333
2023-04-01 18:00:00,17,50.75,4.25,5.174505,-1.9484822,281.2921,279.99103,4.224654
2023-04-01 18:00:00,18,50.75,4.25,4.6706877,-1.9650648,281.4286,280.22974,3.6443367
2023-04-01 18:00:00,19,50.75,4.25,5.2471523,-1.1423795,281.07104,279.64716,6.0418134
2023-04-01 18:00:00,20,50.75,4.25,4.4956408,-1.605543,282.03604,279.883,3.884406
2023-04-01 18:00:00,21,50.75,4.25,4.900778,-1.2556944,281.40955,280.13748,5.440745
2023-04-01 18:00:00,22,50.75,4.25,5.2235975,-1.6820077,281.27484,279.94003,3.4736757
2023-04-01 18:00:00,23,50.75,4.25,4.5100217,-2.2036712,281.9722,279.7271,3.0808344
2023-04-01 18:00:00,24,50.75,4.25,4.589859,-2.0921988,281.1985,280.49942,7.4425178
2023-04-01 18:00:00,25,50.75,4.25,5.293021,-1.8084506,281.15793,280.49023,9.082934
2023-04-01 18:00:00,26,50.75,4.25,4.529361,-1.5194051,281.69376,280.2091,5.2196374
2023-04-01 18:00:00,27,50.75,4.25,4.9595394,-1.3657851,281.47064,279.87927,5.799955
2023-04-01 18:00:00,28,50.75,4.25,4.4529953,-2.3377147,281.6369,280.23605,4.074387
2023-04-01 18:00:00,29,50.75,4.25,4.9595394,-2.0502815,281.4401,279.39957,4.4568524
2023-04-01 18:00:00,30,50.75,4.25,4.864826,-0.8848872,281.19897,279.66205,3.7126722
2023-04-01 18:00:00,31,50.75,4.25,4.885901,-1.9533187,281.51697,279.4268,5.063646
2023-04-01 18:00:00,32,50.75,4.25,5.011359,-1.5085804,281.1807,280.3309,5.856484
2023-04-01 18:00:00,33,50.75,4.25,5.4817047,-1.3379169,281.25656,279.78842,4.128412
2023-04-01 18:00:00,34,50.75,4.25,5.560055,-1.4793303,280.79434,279.95178,5.5058603
2023-04-01 18:00:00,35,50.75,4.25,4.206293,-1.4560685,281.48642,280.5301,5.5162363
2023-04-01 18:00:00,36,50.75,4.25,4.747054,-1.5479643,281.6815,279.7976,4.2751007
2023-04-01 18:00:00,37,50.75,4.25,4.4805164,-1.5461217,281.72354,280.06326,2.7523937
2023-04-01 18:00:00,38,50.75,4.25,4.8286266,-1.626041,281.7859,279.85178,3.4518518
2023-04-01 18:00:00,39,50.75,4.25,4.021081,-1.626732,282.1144,279.22018,3.9327064
2023-04-01 18:00:00,40,50.75,4.25,5.102602,-1.0877948,281.15616,280.3564,9.537672
2023-04-01 18:00:00,41,50.75,4.25,4.8576355,-1.9892479,281.52975,280.01596,6.5012016
2023-04-01 18:00:00,42,50.75,4.25,4.331752,-1.9781928,281.2721,280.72952,7.793499
2023-04-01 18:00:00,43,50.75,4.25,4.3843155,-1.1677141,281.37552,279.73285,5.1591725
2023-04-01 18:00:00,44,50.75,4.25,4.759203,-1.3595665,281.34848,280.44067,5.7498655
2023-04-01 18:00:00,45,50.75,4.25,4.382084,-1.8757026,281.365,280.22488,4.0901294
2023-04-01 18:00:00,46,50.75,4.25,4.7237473,-1.5744505,281.31665,279.78357,6.3620257
2023-04-01 18:00:00,47,50.75,4.25,5.0659065,-1.4825548,281.2413,280.35498,6.8843827
2023-04-01 18:00:00,48,50.75,4.25,5.234507,-1.1260271,281.01443,279.93317,4.929121
2023-04-01 18:00:00,49,50.75,4.25,4.9744163,-1.8681022,281.41882,280.2673,3.4647312
2023-04-01 18:00:00,50,50.75,4.25,4.9721847,-0.87291086,281.2363,279.39038,4.0962114
2023-04-02 00:00:00,1,50.75,4.25,-0.5973277,-5.323519,280.36792,279.57236,8.270777
2023-04-02 00:00:00,2,50.75,4.25,1.6487753,-5.113241,280.6912,279.84402,7.625343
2023-04-02 00:00:00,3,50.75,4.25,1.4819107,-4.3550444,281.3342,281.0164,9.986684
2023-04-02 00:00:00,4,50.75,4.25,0.34137923,-4.6507688,280.6992,280.09134,7.671139
2023-04-02 00:00:00,5,50.75,4.25,0.9428856,-4.554958,280.65088,279.94806,3.6944256
2023-04-02 00:00:00,6,50.75,4.25,1.7417535,-4.650078,280.3792,279.76407,5.5706186
2023-04-02 00:00:00,7,50.75,4.25,-0.15574372,-5.593909,280.24423,279.3749,8.250383
2023-04-02 00:00:00,8,50.75,4.25,0.1841842,-5.355072,281.19247,280.45068,7.497616
2023-04-02 00:00:00,9,50.75,4.25,-0.2588874,-5.2106647,281.65018,280.80432,5.194593
2023-04-02 00:00:00,10,50.75,4.25,0.6513063,-5.328586,280.69794,279.98444,6.7155113
2023-04-02 00:00:00,11,50.75,4.25,-0.72402585,-4.9460325,280.41827,279.49414,6.9784784
2023-04-02 00:00:00,12,50.75,4.25,-1.2977629,-5.101956,280.58102,279.5334,7.518725
2023-04-02 00:00:00,13,50.75,4.25,-0.94295835,-5.3092394,280.68317,279.8512,6.390648
2023-04-02 00:00:00,14,50.75,4.25,-1.8226552,-5.9875174,280.64862,279.41705,6.8013783
2023-04-02 00:00:00,15,50.75,4.25,2.2351573,-4.3817606,280.77005,280.04263,5.5205293
2023-04-02 00:00:00,16,50.75,4.25,1.1709919,-4.515343,280.9844,280.32834,7.240731
2023-04-02 00:00:00,17,50.75,4.25,-0.14607394,-5.356684,280.75302,279.89044,6.709429
2023-04-02 00:00:00,18,50.75,4.25,0.7718059,-5.305324,280.70294,280.08017,5.3219624
2023-04-02 00:00:00,19,50.75,4.25,0.21294546,-5.516523,280.74603,280.03403,8.540542
2023-04-02 00:00:00,20,50.75,4.25,0.062940836,-5.042765,280.81787,279.66464,5.2815332
2023-04-02 00:00:00,21,50.75,4.25,0.64188445,-4.630962,280.51215,279.67984,7.5112114
2023-04-02 00:00:00,22,50.75,4.25,0.24666554,-4.6638966,281.4486,280.939,6.653973
2023-04-02 00:00:00,23,50.75,4.25,1.2109104,-4.4414124,280.74677,279.9724,4.593524
2023-04-02 00:00:00,24,50.75,4.25,0.94437325,-5.846104,280.07446,279.10324,9.481858
2023-04-02 00:00:00,25,50.75,4.25,0.028972745,-5.606116,280.83942,280.00937,11.786312
2023-04-02 00:00:00,26,50.75,4.25,0.20525932,-5.2081313,280.46658,279.68268,7.293324
2023-04-02 00:00:00,27,50.75,4.25,2.185321,-4.3889003,280.39572,279.72913,8.002441
2023-04-02 00:00:00,28,50.75,4.25,0.11302495,-4.9612336,280.54446,279.6145,6.0550513
2023-04-02 00:00:00,29,50.75,4.25,0.37708282,-4.8755565,281.07504,280.35498,6.3509345
2023-04-02 00:00:00,30,50.75,4.25,0.69345635,-5.278147,281.1877,280.43323,6.356659
2023-04-02 00:00:00,31,50.75,4.25,1.0911547,-4.609312,281.16092,280.63208,6.9541497
2023-04-02 00:00:00,32,50.75,4.25,0.27716237,-5.2652493,281.17395,280.63037,7.498689
2023-04-02 00:00:00,33,50.75,4.25,3.1054325,-3.951993,280.79434,280.32977,5.9917245
2023-04-02 00:00:00,34,50.75,4.25,1.1447101,-5.466084,280.5988,279.86725,7.641801
2023-04-02 00:00:00,35,50.75,4.25,-0.6226177,-5.4359126,280.88525,280.069,8.0042305
2023-04-02 00:00:00,36,50.75,4.25,0.90990937,-4.9460325,280.6261,279.60303,4.9767056
2023-04-02 00:00:00,37,50.75,4.25,0.19856489,-5.28759,280.44354,279.42593,4.475457
2023-04-02 00:00:00,38,50.75,4.25,1.4015776,-4.6892314,281.4043,280.5401,4.719105
2023-04-02 00:00:00,39,50.75,4.25,2.2559843,-4.004044,280.894,280.2538,5.0593524
2023-04-02 00:00:00,40,50.75,4.25,-1.398179,-5.605655,279.68234,278.7651,11.601698
2023-04-02 00:00:00,41,50.75,4.25,1.1231391,-4.8983574,280.53168,279.78842,8.0028
2023-04-02 00:00:00,42,50.75,4.25,-0.71559584,-5.941915,280.84567,280.12744,9.234275
2023-04-02 00:00:00,43,50.75,4.25,-0.9362638,-5.7477593,280.76807,279.54828,6.798516
2023-04-02 00:00:00,44,50.75,4.25,0.61585057,-6.115112,280.0667,279.12762,7.4156847
2023-04-02 00:00:00,45,50.75,4.25,-0.2752515,-5.0927434,280.70847,280.14035,7.007101
2023-04-02 00:00:00,46,50.75,4.25,-0.20260465,-5.7141333,280.76105,280.07986,7.8521748
2023-04-02 00:00:00,47,50.75,4.25,-0.9856043,-5.0181212,280.9288,280.11713,8.74376
2023-04-02 00:00:00,48,50.75,4.25,2.3355737,-5.480133,280.00986,279.16315,8.306196
2023-04-02 00:00:00,49,50.75,4.25,-1.1894124,-5.396759,280.90576,279.74115,5.7105103
2023-04-02 00:00:00,50,50.75,4.25,0.7737894,-5.132818,280.11002,279.11786,7.241446
2023-04-02 06:00:00,1,50.75,4.25,-2.6701195,-5.7560506,277.91434,276.24902,9.086155
2023-04-02 06:00:00,2,50.75,4.25,-1.6473606,-5.802574,278.09012,276.75827,9.276851
2023-04-02 06:00:00,3,50.75,4.25,-2.112747,-6.3120313,278.4036,276.6233,10.594908
2023-04-02 06:00:00,4,50.75,4.25,-0.8812208,-5.154928,278.7096,277.61624,8.748411
2023-04-02 06:00:00,5,50.75,4.25,-1.0215559,-4.8543673,278.6958,277.37296,4.2915587
2023-04-02 06:00:00,6,50.75,4.25,-1.712817,-5.453417,278.3395,277.18982,6.928747
2023-04-02 06:00:00,7,50.75,4.25,-1.5811601,-5.542088,277.693,276.29086,9.903321
2023-04-02 06:00:00,8,50.75,4.25,-1.802324,-5.7157454,277.54352,275.55524,7.929097
2023-04-02 06:00:00,9,50.75,4.25,-3.0561645,-6.1441317,277.23727,274.72507,5.250764
2023-04-02 06:00:00,10,50.75,4.25,-1.632236,-6.104287,278.5511,277.16403,7.259335
2023-04-02 06:00:00,11,50.75,4.25,-2.2362218,-5.2604127,278.06107,275.88193,7.05397
2023-04-02 06:00:00,12,50.75,4.25,-1.4318993,-4.80508,278.11865,276.03354,7.74341
2023-04-02 06:00:00,13,50.75,4.25,-1.5635562,-5.3992925,278.04303,276.2754,6.644671
2023-04-02 06:00:00,14,50.75,4.25,-1.6892626,-7.2077265,278.0663,275.57675,6.8332205
2023-04-02 06:00:00,15,50.75,4.25,-0.7170836,-5.385704,278.74765,277.9862,7.3480644
2023-04-02 06:00:00,16,50.75,4.25,-0.8956015,-5.140879,278.7454,277.92316,9.153774
2023-04-02 06:00:00,17,50.75,4.25,-1.3656988,-5.33895,278.06882,276.8193,8.315857
2023-04-02 06:00:00,18,50.75,4.25,-1.280159,-5.5556765,277.94388,276.26678,5.9720464
2023-04-02 06:00:00,19,50.75,4.25,-2.5374708,-5.525736,277.56656,275.73264,9.746614
2023-04-02 06:00:00,20,50.75,4.25,-2.2287836,-5.19293,278.3853,277.05914,6.548786
2023-04-02 06:00:00,21,50.75,4.25,-0.85940194,-4.9545546,278.46094,277.63287,9.311197
2023-04-02 06:00:00,22,50.75,4.25,-1.5920694,-5.0897493,278.93994,277.481,7.0918946
2023-04-02 06:00:00,23,50.75,4.25,0.06938732,-5.3926134,278.4767,277.6148,6.550933
2023-04-02 06:00:00,24,50.75,4.25,-1.1073437,-5.829291,278.15097,277.0156,10.446073
2023-04-02 06:00:00,25,50.75,4.25,-1.3971875,-5.402287,278.52505,276.91272,12.101873
2023-04-02 06:00:00,26,50.75,4.25,-1.4554536,-5.4138026,278.24637,277.052,7.978471
2023-04-02 06:00:00,27,50.75,4.25,-0.4936881,-5.7178183,278.8458,278.1063,10.038919
2023-04-02 06:00:00,28,50.75,4.25,-2.0110908,-5.41173,278.0458,276.78836,7.3666687
2023-04-02 06:00:00,29,50.75,4.25,-1.9974539,-5.2645583,278.52704,277.3148,7.360229
2023-04-02 06:00:00,30,50.75,4.25,-0.9357681,-5.588151,278.7564,277.70395,7.658974
2023-04-02 06:00:00,31,50.75,4.25,-1.2189174,-5.4736843,278.84103,277.81427,8.487947
2023-04-02 06:00:00,32,50.75,4.25,-1.0483334,-5.2288594,278.43967,276.97806,7.9720306
2023-04-02 06:00:00,33,50.75,4.25,-1.2823904,-5.7159758,279.07214,278.06873,7.0840235
2023-04-02 06:00:00,34,50.75,4.25,-0.60724545,-5.5356393,278.47946,277.31305,8.562008
2023-04-02 06:00:00,35,50.75,4.25,-1.0815578,-5.2528124,278.6382,276.9924,8.208523
2023-04-02 06:00:00,36,50.75,4.25,-1.0656893,-5.6600094,278.09613,276.81958,6.063996
2023-04-02 06:00:00,37,50.75,4.25,-0.9908111,-5.0013084,278.19928,276.71326,6.0371623
2023-04-02 06:00:00,38,50.75,4.25,-2.0415876,-5.647803,278.6793,277.38385,6.065069
2023-04-02 06:00:00,39,50.75,4.25,-0.121279836,-5.029867,279.2727,278.33954,7.5949316
2023-04-02 06:00:00,40,50.75,4.25,-1.4212377,-5.540476,277.7541,276.07825,12.053215
2023-04-02 06:00:00,41,50.75,4.25,-1.1611469,-5.530112,278.41614,277.2526,9.26397
2023-04-02 06:00:00,42,50.75,4.25,-2.6594582,-5.832976,276.882,274.47833,9.782035
2023-04-02 06:00:00,43,50.75,4.25,-1.6897585,-5.532645,278.10214,276.52872,7.7863436
2023-04-02 06:00:00,44,50.75,4.25,-1.653311,-6.2288876,277.91833,276.64536,8.409595
2023-04-02 06:00:00,45,50.75,4.25,-1.0523007,-4.482178,278.4995,277.48843,8.175964
2023-04-02 06:00:00,46,50.75,4.25,-3.425598,-5.8207693,277.73782,275.56927,8.440363
2023-04-02 06:00:00,47,50.75,4.25,-2.1221685,-5.0013084,278.46872,276.64163,9.041432
2023-04-02 06:00:00,48,50.75,4.25,-1.7386029,-6.5439587,278.51755,277.05457,9.1412525
2023-04-02 06:00:00,49,50.75,4.25,-1.8340604,-4.9372807,277.79666,275.89798,6.4350123
2023-04-02 06:00:00,50,50.75,4.25,-0.07714617,-5.7701,278.29944,277.11475,8.995636
2023-04-02 12:00:00,1,50.75,4.25,-3.6911433,-5.332271,281.53452,275.42972,9.105832
2023-04-02 12:00:00,2,50.75,4.25,-2.0934074,-4.934517,281.97668,275.3214,9.319784
2023-04-02 12:00:00,3,50.75,4.25,-3.420143,-5.1206117,281.18445,275.40796,10.68972
2023-04-02 12:00:00,4,50.75,4.25,-2.9076478,-5.117157,280.16412,275.69568,8.836067
2023-04-02 12:00:00,5,50.75,4.25,-2.6589622,-4.9078,282.25964,274.9844,4.353097
2023-04-02 12:00:00,6,50.75,4.25,-3.521551,-5.2468243,281.09882,275.36066,7.0160456
2023-04-02 12:00:00,7,50.75,4.25,-3.2949326,-5.167596,281.71405,275.91058,9.938384
2023-04-02 12:00:00,8,50.75,4.25,-3.0365775,-4.924153,280.58075,274.2551,7.9502063
2023-04-02 12:00:00,9,50.75,4.25,-5.607484,-6.0644426,281.27887,274.2574,5.2514796
2023-04-02 12:00:00,10,50.75,4.25,-5.020358,-4.6044755,280.88748,275.6865,7.402089
2023-04-02 12:00:00,11,50.75,4.25,-5.2144966,-4.536993,279.57718,272.26343,7.0607677
2023-04-02 12:00:00,12,50.75,4.25,-3.3844392,-5.2954206,281.39178,274.60928,7.746272
2023-04-02 12:00:00,13,50.75,4.25,-4.4820766,-5.764803,281.58307,275.1062,6.646102
2023-04-02 12:00:00,14,50.75,4.25,-5.3292933,-5.917962,282.52554,276.24557,6.8332205
2023-04-02 12:00:00,15,50.75,4.25,-3.208401,-5.058196,280.67465,276.92648,7.8417993
2023-04-02 12:00:00,16,50.75,4.25,-3.0653384,-4.8960543,280.1819,275.71774,9.383111
2023-04-02 12:00:00,17,50.75,4.25,-3.6425464,-5.4845095,280.72372,275.14975,8.350203
2023-04-02 12:00:00,18,50.75,4.25,-2.5054865,-5.282984,282.19778,275.95416,5.9863577
2023-04-02 12:00:00,19,50.75,4.25,-4.3124847,-5.982681,282.00775,275.55554,9.76987
2023-04-02 12:00:00,20,50.75,4.25,-1.4623959,-5.4041295,279.75598,275.09387,6.586353
2023-04-02 12:00:00,21,50.75,4.25,-1.937948,-5.14871,280.48962,276.3244,9.70046
2023-04-02 12:00:00,22,50.75,4.25,-4.3092613,-4.6526113,280.8031,275.6498,7.13769
2023-04-02 12:00:00,23,50.75,4.25,-2.2545695,-5.5782475,278.97852,276.23813,7.694752
2023-04-02 12:00:00,24,50.75,4.25,-2.6423502,-4.822123,281.4764,275.95358,10.517986
2023-04-02 12:00:00,25,50.75,4.25,-3.4394825,-4.8172865,282.38034,276.6912,12.140156
2023-04-02 12:00:00,26,50.75,4.25,-4.1726456,-4.007729,280.39197,275.06436,8.030349
2023-04-02 12:00:00,27,50.75,4.25,-3.7404835,-5.0708632,280.51617,276.32468,10.577735
2023-04-02 12:00:00,28,50.75,4.25,-2.839464,-5.1134715,281.49118,275.33603,7.515147
2023-04-02 12:00:00,29,50.75,4.25,-4.018674,-4.6761036,281.6895,275.84354,7.3859887
2023-04-02 12:00:00,30,50.75,4.25,-3.0747602,-5.227938,280.00937,275.40424,7.730888
2023-04-02 12:00:00,31,50.75,4.25,-2.4970565,-5.4591746,280.93057,277.00156,8.7849045
2023-04-02 12:00:00,32,50.75,4.25,-3.0038493,-5.618783,281.44186,275.82004,8.017111
2023-04-02 12:00:00,33,50.75,4.25,-3.644282,-5.139267,279.59622,276.75052,7.6278477
2023-04-02 12:00:00,34,50.75,4.25,-3.1360018,-5.240145,281.68423,276.43988,8.86612
2023-04-02 12:00:00,35,50.75,4.25,-3.0720332,-5.4693084,280.9363,275.83493,8.244658
2023-04-02 12:00:00,36,50.75,4.25,-4.8373775,-5.3085485,280.73074,275.69852,6.1291113
2023-04-02 12:00:00,37,50.75,4.25,-1.9448905,-4.8039284,281.5047,276.25046,6.1140847
2023-04-02 12:00:00,38,50.75,4.25,-3.760071,-5.249588,280.9283,275.12625,6.099058
2023-04-02 12:00:00,39,50.75,4.25,-1.3922286,-5.466084,279.8228,277.11932,8.266483
2023-04-02 12:00:00,40,50.75,4.25,-5.7490587,-5.012824,280.11954,274.02325,12.06216
2023-04-02 12:00:00,41,50.75,4.25,-3.7278388,-4.955476,280.08374,275.30536,9.348764
2023-04-02 12:00:00,42,50.75,4.25,-2.690203,-4.9978538,281.7526,273.8702,9.782035
2023-04-02 12:00:00,43,50.75,4.25,-4.593899,-4.803007,281.78366,275.51743,7.7985077
2023-04-02 12:00:00,44,50.75,4.25,-4.9620914,-4.927377,281.15015,275.42773,8.809591
2023-04-02 12:00:00,45,50.75,4.25,-1.8714998,-4.903885,281.56454,276.1215,8.290454
2023-04-02 12:00:00,46,50.75,4.25,-5.246729,-4.8946724,280.90402,274.30923,8.45539
2023-04-02 12:00:00,47,50.75,4.25,-3.8237917,-4.2113276,281.16718,275.4085,9.049661
2023-04-02 12:00:00,48,50.75,4.25,-5.955594,-5.534027,282.5338,276.37054,9.165224
2023-04-02 12:00:00,49,50.75,4.25,-3.3108008,-5.50708,282.51553,275.25092,6.4364433
2023-04-02 12:00:00,50,50.75,4.25,-3.2480714,-5.3265133,279.90247,275.8765,9.262539
2023-04-02 18:00:00,1,50.75,4.25,-3.1082323,-3.9455438,279.4565,273.03546,9.105832
2023-04-02 18:00:00,2,50.75,4.25,-1.7472808,-4.335928,281.61362,275.2036,9.319784
2023-04-02 18:00:00,3,50.75,4.25,-3.4551027,-3.40177,280.0279,273.03717,10.68972
2023-04-02 18:00:00,4,50.75,4.25,-1.4356184,-3.4033823,280.1461,274.99387,8.836067
2023-04-02 18:00:00,5,50.75,4.25,-1.9074512,-3.5699,281.13287,275.3019,4.353097
2023-04-02 18:00:00,6,50.75,4.25,-2.2327507,-3.9029355,280.97565,274.66946,7.0160456
2023-04-02 18:00:00,7,50.75,4.25,-2.3177946,-3.858715,281.0267,274.62534,9.940173
2023-04-02 18:00:00,8,50.75,4.25,-2.8350008,-3.6866698,280.42676,274.76,7.9502063
2023-04-02 18:00:00,9,50.75,4.25,-3.1446798,-4.6095424,280.093,273.2157,5.2514796
2023-04-02 18:00:00,10,50.75,4.25,-3.3809683,-4.020166,280.43628,274.34048,7.402089
2023-04-02 18:00:00,11,50.75,4.25,-2.0854733,-4.273513,279.4262,271.96082,7.0607677
2023-04-02 18:00:00,12,50.75,4.25,-3.3398101,-3.837296,278.73087,271.80435,7.746272
2023-04-02 18:00:00,13,50.75,4.25,-2.7675607,-3.593162,280.7215,274.56085,6.646102
2023-04-02 18:00:00,14,50.75,4.25,-2.49061,-3.9266582,281.3352,275.36725,6.8360825
2023-04-02 18:00:00,15,50.75,4.25,-2.7102861,-4.1406207,281.84525,275.68134,7.8446617
2023-04-02 18:00:00,16,50.75,4.25,-2.3066373,-3.5040302,280.3301,274.14935,9.383111
2023-04-02 18:00:00,17,50.75,4.25,-2.3170507,-3.5947742,280.79135,274.9844,8.3530655
2023-04-02 18:00:00,18,50.75,4.25,-1.2563565,-3.5747366,282.11142,275.16638,5.9892197
2023-04-02 18:00:00,19,50.75,4.25,-2.2342381,-3.7131562,280.70294,274.26254,9.76987
2023-04-02 18:00:00,20,50.75,4.25,-2.3832512,-4.4093986,279.9818,274.03958,6.586711
2023-04-02 18:00:00,21,50.75,4.25,-1.4472716,-3.2808547,282.29245,275.7848,9.71513
2023-04-02 18:00:00,22,50.75,4.25,-3.4665082,-3.4383903,280.1178,273.6719,7.13769
2023-04-02 18:00:00,23,50.75,4.25,-3.166003,-3.135065,280.5362,275.1698,7.7230167
2023-04-02 18:00:00,24,50.75,4.25,-1.2119751,-3.493896,281.96542,275.63663,10.517986
2023-04-02 18:00:00,25,50.75,4.25,-1.8534,-3.741715,281.5926,275.51743,12.143018
2023-04-02 18:00:00,26,50.75,4.25,-1.9679489,-3.4763923,280.99066,275.13544,8.030349
2023-04-02 18:00:00,27,50.75,4.25,-2.8104546,-3.9957528,281.84775,275.5607,10.578093
2023-04-02 18:00:00,28,50.75,4.25,-2.6463172,-3.576579,281.5305,274.8967,7.515147
2023-04-02 18:00:00,29,50.75,4.25,-2.5560665,-3.639916,280.09048,274.10577,7.3859887
2023-04-02 18:00:00,30,50.75,4.25,-1.9476178,-3.13138,281.54327,275.62286,7.7376857
2023-04-02 18:00:00,31,50.75,4.25,-2.243412,-3.82578,281.42935,275.44003,8.787766
2023-04-02 18:00:00,32,50.75,4.25,-1.2228844,-3.351101,282.2226,275.7587,8.023193
2023-04-02 18:00:00,33,50.75,4.25,-2.3748212,-3.434475,281.16418,275.571,7.658974
2023-04-02 18:00:00,34,50.75,4.25,-2.277876,-3.278091,280.69043,274.82965,8.870414
2023-04-02 18:00:00,35,50.75,4.25,-1.6456249,-3.6184964,280.5883,275.09818,8.24931
2023-04-02 18:00:00,36,50.75,4.25,-2.7219393,-4.1309476,281.54803,275.62,6.1291113
2023-04-02 18:00:00,37,50.75,4.25,-1.2667701,-3.2536774,281.63092,274.51645,6.1527247
2023-04-02 18:00:00,38,50.75,4.25,-2.4467242,-3.308032,279.95102,274.0634,6.099058
2023-04-02 18:00:00,39,50.75,4.25,-1.9364605,-2.3750257,281.3214,276.73132,8.298326
2023-04-02 18:00:00,40,50.75,4.25,-2.975088,-3.3398151,279.5066,272.53195,12.06216
2023-04-02 18:00:00,41,50.75,4.25,-2.5416858,-3.6302428,281.54053,275.40823,9.348764
2023-04-02 18:00:00,42,50.75,4.25,-2.3262246,-3.1958685,280.34415,273.47504,9.782035
2023-04-02 18:00:00,43,50.75,4.25,-3.6628778,-3.0466242,279.1162,272.4781,7.7985077
2023-04-02 18:00:00,44,50.75,4.25,-4.079172,-4.2074122,278.41013,272.27948,8.809591
2023-04-02 18:00:00,45,50.75,4.25,-1.6810806,-3.49689,281.8823,275.87735,8.290812
2023-04-02 18:00:00,46,50.75,4.25,-3.5036995,-4.625434,278.75717,272.19037,8.45539
2023-04-02 18:00:00,47,50.75,4.25,-2.884837,-3.471786,279.38513,273.00964,9.049661
2023-04-02 18:00:00,48,50.75,4.25,-4.411413,-3.53328,279.90247,272.90622,9.165224
2023-04-02 18:00:00,49,50.75,4.25,-2.0810103,-3.9902253,281.24005,274.4514,6.4364433
2023-04-02 18:00:00,50,50.75,4.25,-3.0120313,-2.5049233,281.4256,276.0321,9.267549
2023-04-03 00:00:00,1,50.75,4.25,-1.7381072,-3.1622424,275.2374,272.42163,9.105832
2023-04-03 00:00:00,2,50.75,4.25,-2.3599446,-2.9860516,276.6063,273.58136,9.319784
2023-04-03 00:00:00,3,50.75,4.25,-3.1288116,-2.7297106,275.3899,271.20627,10.68972
2023-04-03 00:00:00,4,50.75,4.25,-1.7710834,-2.8870158,276.65112,274.18887,8.836067
2023-04-03 00:00:00,5,50.75,4.25,-2.0252235,-2.8398013,276.01587,273.77966,4.355243
2023-04-03 00:00:00,6,50.75,4.25,-2.6227627,-2.8778033,276.63358,272.8721,7.0160456
2023-04-03 00:00:00,7,50.75,4.25,-2.3939126,-2.3209016,275.8396,272.8016,9.940173
2023-04-03 00:00:00,8,50.75,4.25,-2.3284562,-2.9123507,275.41293,272.48465,7.9502063
2023-04-03 00:00:00,9,50.75,4.25,-3.0626113,-3.1341438,275.66782,270.74033,5.2514796
2023-04-03 00:00:00,10,50.75,4.25,-4.2004156,-2.3119192,276.05444,270.9736,7.402089
2023-04-03 00:00:00,11,50.75,4.25,-2.4209383,-2.8874764,274.98877,270.4566,7.0607677
2023-04-03 00:00:00,12,50.75,4.25,-2.4702787,-2.745142,274.15997,270.14914,7.746272
2023-04-03 00:00:00,13,50.75,4.25,-2.0683653,-2.4261556,276.20566,273.22028,6.646102
2023-04-03 00:00:00,14,50.75,4.25,-2.3877141,-3.1051245,276.1338,272.59586,6.8360825
2023-04-03 00:00:00,15,50.75,4.25,-3.2463357,-2.478437,276.22794,272.7082,7.8446617
2023-04-03 00:00:00,16,50.75,4.25,-2.6205313,-2.5281851,274.92267,271.68,9.383111
2023-04-03 00:00:00,17,50.75,4.25,-2.0760515,-2.5760908,275.55063,273.33777,8.3530655
2023-04-03 00:00:00,18,50.75,4.25,-2.0634065,-2.070549,278.2471,274.566,5.9892197
2023-04-03 00:00:00,19,50.75,4.25,-2.3396134,-3.307341,275.94476,272.54083,9.76987
2023-04-03 00:00:00,20,50.75,4.25,-2.626234,-3.2267308,275.68185,271.69086,6.5884995
2023-04-03 00:00:00,21,50.75,4.25,-2.0832417,-3.082323,278.36804,274.6961,9.71513
2023-04-03 00:00:00,22,50.75,4.25,-2.8950026,-2.205053,275.2692,271.6923,7.13769
2023-04-03 00:00:00,23,50.75,4.25,-2.935417,-2.6719017,275.8271,272.34167,7.7230167
2023-04-03 00:00:00,24,50.75,4.25,-1.9783626,-2.6182384,276.43378,274.2072,10.517986
2023-04-03 00:00:00,25,50.75,4.25,-1.9684448,-2.3020158,276.16812,274.46887,12.143018
2023-04-03 00:00:00,26,50.75,4.25,-2.6971452,-2.626069,276.07547,273.11484,8.030349
2023-04-03 00:00:00,27,50.75,4.25,-2.8781426,-2.6548586,275.83484,272.31818,10.578093
2023-04-03 00:00:00,28,50.75,4.25,-1.7462893,-2.3844686,276.0547,273.96994,7.515147
2023-04-03 00:00:00,29,50.75,4.25,-2.7224352,-2.8497047,275.45474,271.91498,7.3859887
2023-04-03 00:00:00,30,50.75,4.25,-2.0011733,-1.6251198,275.64978,273.267,7.7394743
2023-04-03 00:00:00,31,50.75,4.25,-2.320274,-2.4715276,275.6946,273.361,8.787766
2023-04-03 00:00:00,32,50.75,4.25,-2.2828348,-1.9143955,276.87646,273.83527,8.023193
2023-04-03 00:00:00,33,50.75,4.25,-2.825579,-2.6629195,275.79303,272.3093,7.658974
2023-04-03 00:00:00,34,50.75,4.25,-2.3849869,-2.3506122,275.3566,272.56662,8.870414
2023-04-03 00:00:00,35,50.75,4.25,-2.5949934,-2.609486,276.51315,274.19547,8.24931
2023-04-03 00:00:00,36,50.75,4.25,-2.6093738,-2.512063,276.19965,273.94388,6.1291113
2023-04-03 00:00:00,37,50.75,4.25,-2.4447408,-3.0991364,278.63547,273.3819,6.1527247
2023-04-03 00:00:00,38,50.75,4.25,-2.9314501,-2.1320434,275.45874,271.80408,6.099058
2023-04-03 00:00:00,39,50.75,4.25,-2.5347435,-2.4579391,277.0595,274.61215,8.298326
2023-04-03 00:00:00,40,50.75,4.25,-2.2758925,-2.6889448,274.6412,270.75464,12.06216
2023-04-03 00:00:00,41,50.75,4.25,-2.3130836,-2.273687,275.83936,273.8622,9.348764
2023-04-03 00:00:00,42,50.75,4.25,-2.2548175,-1.9641435,275.34857,272.23334,9.782035
2023-04-03 00:00:00,43,50.75,4.25,-2.5178835,-2.1285887,274.7852,271.58884,7.7985077
2023-04-03 00:00:00,44,50.75,4.25,-3.661638,-2.7133584,274.61893,269.62756,8.809591
2023-04-03 00:00:00,45,50.75,4.25,-1.9047239,-2.505384,276.2084,274.03787,8.290096
2023-04-03 00:00:00,46,50.75,4.25,-2.8858287,-2.80963,274.44617,269.58603,8.45539
2023-04-03 00:00:00,47,50.75,4.25,-2.234982,-2.075616,274.89035,271.3642,9.049661
2023-04-03 00:00:00,48,50.75,4.25,-3.6241992,-2.273687,275.98206,270.62714,9.165224
2023-04-03 00:00:00,49,50.75,4.25,-2.6413584,-3.1468115,276.15884,272.23563,6.4364433
2023-04-03 00:00:00,50,50.75,4.25,-2.8654978,-2.273687,275.1678,272.36288,9.267549
2023-04-03 06:00:00,1,50.75,4.25,-2.494825,-2.4531026,272.9964,270.64346,9.105832
2023-04-03 06:00:00,2,50.75,4.25,-2.4839156,-2.3692677,273.84772,271.6026,9.319784
2023-04-03 06:00:00,3,50.75,4.25,-3.2408812,-2.1387224,272.40897,269.83218,10.68972
2023-04-03 06:00:00,4,50.75,4.25,-2.808719,-1.9993818,273.11108,271.63986,8.836067
2023-04-03 06:00:00,5,50.75,4.25,-2.7251627,-2.153232,273.32993,271.6519,4.355243
2023-04-03 06:00:00,6,50.75,4.25,-3.0135186,-2.6732836,273.67444,271.01886,7.0160456
2023-04-03 06:00:00,7,50.75,4.25,-3.2934449,-2.0947323,273.49243,271.46246,9.940173
2023-04-03 06:00:00,8,50.75,4.25,-3.1900532,-2.4033544,272.7918,270.28928,7.9502063
2023-04-03 06:00:00,9,50.75,4.25,-3.5696518,-1.9533187,273.09705,270.2202,5.2514796
2023-04-03 06:00:00,10,50.75,4.25,-3.729822,-2.1274369,273.1386,269.96716,7.4024467
2023-04-03 06:00:00,11,50.75,4.25,-2.5949934,-2.5035415,272.39093,269.2318,7.0607677
2023-04-03 06:00:00,12,50.75,4.25,-2.8295462,-2.203441,271.94724,269.80008,7.746272
2023-04-03 06:00:00,13,50.75,4.25,-2.5612733,-1.1218815,274.03928,271.37192,6.646102
2023-04-03 06:00:00,14,50.75,4.25,-3.444441,-2.4874194,273.42856,270.7744,6.8360825
2023-04-03 06:00:00,15,50.75,4.25,-3.6990774,-2.0092854,273.79114,271.32663,7.8446617
2023-04-03 06:00:00,16,50.75,4.25,-3.616017,-2.2292361,272.78455,270.55063,9.383111
2023-04-03 06:00:00,17,50.75,4.25,-3.0120313,-2.269311,273.43784,270.98706,8.3530655
2023-04-03 06:00:00,18,50.75,4.25,-3.0519497,-1.7395864,274.196,272.50128,5.9892197
2023-04-03 06:00:00,19,50.75,4.25,-3.433036,-2.6366634,273.34192,270.4741,9.76987
2023-04-03 06:00:00,20,50.75,4.25,-3.250303,-2.6431122,273.1306,270.4973,6.5884995
2023-04-03 06:00:00,21,50.75,4.25,-2.5516036,-1.629726,274.44366,272.88556,9.71513
2023-04-03 06:00:00,22,50.75,4.25,-3.5649407,-2.455636,272.84564,270.66782,7.13769
2023-04-03 06:00:00,23,50.75,4.25,-3.5255182,-2.1787972,273.18994,271.25702,7.7230167
2023-04-03 06:00:00,24,50.75,4.25,-3.148399,-2.1645176,273.7949,271.8975,10.517986
2023-04-03 06:00:00,25,50.75,4.25,-2.7648332,-1.9611495,273.61362,272.41415,12.143018
2023-04-03 06:00:00,26,50.75,4.25,-3.5312207,-1.8909034,273.76358,270.8796,8.030349
2023-04-03 06:00:00,27,50.75,4.25,-3.7132099,-1.9259113,273.398,270.4145,10.578093
2023-04-03 06:00:00,28,50.75,4.25,-3.1593082,-1.7073423,273.703,271.63184,7.515147
2023-04-03 06:00:00,29,50.75,4.25,-3.216335,-2.3432422,273.12085,270.75522,7.3859887
2023-04-03 06:00:00,30,50.75,4.25,-2.7886355,-1.5348363,273.2583,271.98547,7.7394743
2023-04-03 06:00:00,31,50.75,4.25,-3.1228611,-2.205744,273.44034,271.47452,8.787766
2023-04-03 06:00:00,32,50.75,4.25,-3.3363388,-1.5458914,274.33774,272.01727,8.023193
2023-04-03 06:00:00,33,50.75,4.25,-3.3948529,-2.6048799,273.39502,270.93692,7.658974
2023-04-03 06:00:00,34,50.75,4.25,-3.4008033,-2.1101632,273.19797,271.03003,8.870414
2023-04-03 06:00:00,35,50.75,4.25,-3.0244281,-2.0240254,273.99246,272.07343,8.24931
2023-04-03 06:00:00,36,50.75,4.25,-3.3246853,-1.9005766,273.97617,272.04565,6.1291113
2023-04-03 06:00:00,37,50.75,4.25,-3.041536,-2.126055,274.5676,271.98288,6.1527247
2023-04-03 06:00:00,38,50.75,4.25,-3.4464247,-1.8591199,273.08252,270.27896,6.099058
2023-04-03 06:00:00,39,50.75,4.25,-3.3197267,-2.3437028,273.98718,272.42966,8.298326
2023-04-03 06:00:00,40,50.75,4.25,-3.058396,-2.310998,272.22192,269.55737,12.065738
2023-04-03 06:00:00,41,50.75,4.25,-3.123853,-1.4286611,273.97818,271.87198,9.348764
2023-04-03 06:00:00,42,50.75,4.25,-2.2768843,-1.5990942,272.9393,271.1464,9.7823925
2023-04-03 06:00:00,43,50.75,4.25,-3.0467432,-1.7835766,272.8424,270.17578,7.796719
2023-04-03 06:00:00,44,50.75,4.25,-3.6968458,-1.8114446,272.22217,269.32867,8.809591
2023-04-03 06:00:00,45,50.75,4.25,-3.4124568,-2.1967616,273.68347,271.3851,8.290096
2023-04-03 06:00:00,46,50.75,4.25,-3.407994,-1.8821514,271.73566,269.02493,8.45217
2023-04-03 06:00:00,47,50.75,4.25,-2.8183887,-1.7398167,272.6914,270.08838,9.049661
2023-04-03 06:00:00,48,50.75,4.25,-3.5783298,-2.7117462,273.1997,269.48917,9.165224
2023-04-03 06:00:00,49,50.75,4.25,-2.9076478,-2.6811142,273.2976,270.08524,6.4364433
2023-04-03 06:00:00,50,50.75,4.25,-3.6311414,-1.9570038,272.8847,271.0977,9.265759
2023-04-03 12:00:00,1,50.75,4.25,-4.7077036,-2.4362893,280.3086,269.85654,9.105832
2023-04-03 12:00:00,2,50.75,4.25,-3.5889914,-2.738463,282.8899,273.47647,9.319784
2023-04-03 12:00:00,3,50.75,4.25,-5.0136633,-2.2460492,280.54797,270.99106,10.68972
2023-04-03 12:00:00,4,50.75,4.25,-4.9846544,-2.4699154,281.27383,270.0431,8.836067
2023-04-03 12:00:00,5,50.75,4.25,-4.030327,-2.7246437,282.38885,273.2587,4.355243
2023-04-03 12:00:00,6,50.75,4.25,-5.640956,-2.2460492,280.6519,270.26147,7.0160456
2023-04-03 12:00:00,7,50.75,4.25,-4.531913,-2.589449,281.71103,270.53314,9.940173
2023-04-03 12:00:00,8,50.75,4.25,-3.78908,-2.9390674,281.67523,271.73126,7.9502063
2023-04-03 12:00:00,9,50.75,4.25,-5.347641,-1.9659861,280.2753,268.69968,5.2514796
2023-04-03 12:00:00,10,50.75,4.25,-6.350813,-1.211474,280.73978,268.65353,7.4024467
2023-04-03 12:00:00,11,50.75,4.25,-4.4314966,-2.2808268,281.64944,271.53326,7.0607677
2023-04-03 12:00:00,12,50.75,4.25,-3.7568476,-2.508378,281.42133,271.15326,7.746272
2023-04-03 12:00:00,13,50.75,4.25,-3.9661105,-2.3004036,281.97195,272.63312,6.646102
2023-04-03 12:00:00,14,50.75,4.25,-4.766466,-3.2331796,280.95233,270.51337,6.8360825
2023-04-03 12:00:00,15,50.75,4.25,-5.30326,-2.4466536,281.87704,273.39337,7.8446617
2023-04-03 12:00:00,16,50.75,4.25,-3.8659422,-2.695394,281.13687,271.86395,9.383111
2023-04-03 12:00:00,17,50.75,4.25,-4.8492785,-2.490183,281.54102,272.13217,8.3530655
2023-04-03 12:00:00,18,50.75,4.25,-4.447613,-2.6942425,281.95065,272.9982,5.9892197
2023-04-03 12:00:00,19,50.75,4.25,-5.0525904,-3.1346045,281.01895,269.1513,9.768797
2023-04-03 12:00:00,20,50.75,4.25,-4.953662,-3.4123645,280.9526,272.11526,6.5884995
2023-04-03 12:00:00,21,50.75,4.25,-3.2934449,-3.1806679,283.127,273.99518,9.71513
2023-04-03 12:00:00,22,50.75,4.25,-5.1071377,-3.1124945,280.99216,271.14294,7.13769
2023-04-03 12:00:00,23,50.75,4.25,-5.323591,-2.2227874,280.62134,272.28207,7.7230167
2023-04-03 12:00:00,24,50.75,4.25,-3.8751156,-2.6963153,281.67648,273.90546,10.518344
2023-04-03 12:00:00,25,50.75,4.25,-4.035782,-1.7706789,282.37582,273.88998,12.143018
2023-04-03 12:00:00,26,50.75,4.25,-4.665058,-2.4862678,281.70276,270.83832,8.030349
2023-04-03 12:00:00,27,50.75,4.25,-3.684201,-2.5512166,281.60788,271.46677,10.578093
2023-04-03 12:00:00,28,50.75,4.25,-4.2110767,-3.17514,282.02103,273.02744,7.515147
2023-04-03 12:00:00,29,50.75,4.25,-4.5321608,-2.150929,280.68692,272.4755,7.3859887
2023-04-03 12:00:00,30,50.75,4.25,-4.0838823,-2.1027932,281.44562,272.45056,7.7394743
2023-04-03 12:00:00,31,50.75,4.25,-4.6467104,-2.8487835,281.71454,272.87985,8.787766
2023-04-03 12:00:00,32,50.75,4.25,-4.3920746,-2.459321,282.4169,273.52893,8.023193
2023-04-03 12:00:00,33,50.75,4.25,-4.7632427,-3.3538647,281.63666,272.28235,7.662552
2023-04-03 12:00:00,34,50.75,4.25,-4.8041534,-1.1476767,281.14716,273.21283,8.870414
2023-04-03 12:00:00,35,50.75,4.25,-4.260417,-2.2550316,281.7343,273.44122,8.24931
2023-04-03 12:00:00,36,50.75,4.25,-5.720793,-1.2987633,281.29514,272.35486,6.1291113
2023-04-03 12:00:00,37,50.75,4.25,-4.248268,-2.679502,281.84824,271.9909,6.1527247
2023-04-03 12:00:00,38,50.75,4.25,-4.655884,-2.4507992,280.89825,269.4946,6.099058
2023-04-03 12:00:00,39,50.75,4.25,-4.377941,-2.8386497,282.7677,274.58264,8.298326
2023-04-03 12:00:00,40,50.75,4.25,-4.835394,-2.6110988,280.52042,270.9541,12.065738
2023-04-03 12:00:00,41,50.75,4.25,-4.5006723,-1.9473306,281.47092,272.65604,9.349837
2023-04-03 12:00:00,42,50.75,4.25,-4.013715,-0.7985191,281.51523,270.3592,9.7823925
2023-04-03 12:00:00,43,50.75,4.25,-4.6281147,-2.285433,280.58926,270.1457,7.796719
2023-04-03 12:00:00,44,50.75,4.25,-4.76597,-2.6629195,280.5014,269.04843,8.809591
2023-04-03 12:00:00,45,50.75,4.25,-4.2306643,-3.0625162,282.5253,272.6993,8.290096
2023-04-03 12:00:00,46,50.75,4.25,-4.113884,-1.9438758,280.6659,269.5327,8.45217
2023-04-03 12:00:00,47,50.75,4.25,-4.391083,-1.8775451,281.36798,270.98993,9.049661
2023-04-03 12:00:00,48,50.75,4.25,-5.257142,-2.5680294,280.1461,268.9143,9.165224
2023-04-03 12:00:00,49,50.75,4.25,-5.088542,-3.0226717,281.17746,269.42957,6.4364433
2023-04-03 12:00:00,50,50.75,4.25,-5.8006306,-1.3948047,280.92154,272.46805,9.265759
2023-04-03 18:00:00,1,50.75,4.25,-3.7623026,-1.6546001,277.3855,266.53894,9.105832
2023-04-03 18:00:00,2,50.75,4.25,-3.301379,-2.196301,279.61526,270.1282,9.319784
2023-04-03 18:00:00,3,50.75,4.25,-3.7789147,-1.1628776,277.54926,268.22742,10.68972
2023-04-03 18:00:00,4,50.75,4.25,-5.487976,-1.9705924,277.1817,267.43533,8.836067
2023-04-03 18:00:00,5,50.75,4.25,-3.6239512,-2.170506,279.80255,270.91742,4.355243
2023-04-03 18:00:00,6,50.75,4.25,-2.8352487,-2.2720747,278.3195,269.041,7.0160456
2023-04-03 18:00:00,7,50.75,4.25,-3.1293075,-2.086671,279.2036,270.0517,9.940173
2023-04-03 18:00:00,8,50.75,4.25,-2.8912838,-2.5056143,279.6731,272.25684,7.9502063
2023-04-03 18:00:00,9,50.75,4.25,-4.214796,-1.3673973,276.84116,265.81622,5.2514796
2023-04-03 18:00:00,10,50.75,4.25,-4.689356,-1.3494327,276.40622,265.42047,7.4024467
2023-04-03 18:00:00,11,50.75,4.25,-2.719708,-2.047748,279.52863,271.53384,7.0607677
2023-04-03 18:00:00,12,50.75,4.25,-2.5984645,-2.4144096,278.91315,270.01816,7.746272
2023-04-03 18:00:00,13,50.75,4.25,-2.5315204,-0.99659,279.08417,272.07373,6.646102
2023-04-03 18:00:00,14,50.75,4.25,-4.2447968,-2.7667913,278.59515,269.69522,6.8360825
2023-04-03 18:00:00,15,50.75,4.25,-4.20463,-3.1569452,279.68362,270.41592,7.8446617
2023-04-03 18:00:00,16,50.75,4.25,-3.1873257,-2.12951,278.96298,270.75436,9.383111
2023-04-03 18:00:00,17,50.75,4.25,-3.887265,-2.6419606,278.8473,269.7594,8.3530655
2023-04-03 18:00:00,18,50.75,4.25,-3.780402,-2.5316398,279.49557,269.49118,5.9892197
2023-04-03 18:00:00,19,50.75,4.25,-3.2547657,-2.6686773,279.17606,270.44373,9.768797
2023-04-03 18:00:00,20,50.75,4.25,-3.9080923,-2.7527423,278.8468,269.69464,6.5884995
2023-04-03 18:00:00,21,50.75,4.25,-3.1932766,-2.4646182,280.1561,270.93262,9.71513
2023-04-03 18:00:00,22,50.75,4.25,-5.895344,-2.789132,278.66275,268.26953,7.13769
2023-04-03 18:00:00,23,50.75,4.25,-5.753274,-2.201368,277.08554,266.24664,7.7230167
2023-04-03 18:00:00,24,50.75,4.25,-2.5952413,-2.0143523,279.9082,272.12073,10.518344
2023-04-03 18:00:00,25,50.75,4.25,-2.3254807,-1.3646334,280.79785,273.508,12.143018
2023-04-03 18:00:00,26,50.75,4.25,-2.706815,-1.9894782,279.83383,271.98834,8.030349
2023-04-03 18:00:00,27,50.75,4.25,-2.392673,-2.2124233,279.0724,271.7155,10.578093
2023-04-03 18:00:00,28,50.75,4.25,-3.3050983,-2.700461,279.761,271.33295,7.515147
2023-04-03 18:00:00,29,50.75,4.25,-3.6470096,-0.26027277,277.18744,269.86572,7.3859887
2023-04-03 18:00:00,30,50.75,4.25,-3.6033719,-1.8600411,279.2712,270.54517,7.7394743
2023-04-03 18:00:00,31,50.75,4.25,-3.7580874,-2.7280984,279.1851,269.67456,8.787766
2023-04-03 18:00:00,32,50.75,4.25,-3.6933749,-2.5664172,280.0557,271.29712,8.023193
2023-04-03 18:00:00,33,50.75,4.25,-3.8914802,-3.1346045,279.93024,271.64417,7.662552
2023-04-03 18:00:00,34,50.75,4.25,-2.728138,-1.929366,279.84686,272.2772,8.870414
2023-04-03 18:00:00,35,50.75,4.25,-3.8842895,-2.2375274,279.68637,271.22232,8.248952
2023-04-03 18:00:00,36,50.75,4.25,-3.7171772,-1.6592064,278.30594,270.29614,6.1291113
2023-04-03 18:00:00,37,50.75,4.25,-2.9230201,-2.0313954,279.37363,271.05267,6.1527247
2023-04-03 18:00:00,38,50.75,4.25,-3.8121388,-2.0286317,278.16998,267.8583,6.099058
2023-04-03 18:00:00,39,50.75,4.25,-3.5753543,-2.829207,280.56073,272.50415,8.298326
2023-04-03 18:00:00,40,50.75,4.25,-3.6085784,-2.2838209,277.52698,268.89368,12.065738
2023-04-03 18:00:00,41,50.75,4.25,-2.9716165,-1.6375568,278.36304,270.5558,9.349837
2023-04-03 18:00:00,42,50.75,4.25,-1.8925748,-0.5622158,278.80875,270.48785,9.7823925
2023-04-03 18:00:00,43,50.75,4.25,-2.7596266,-3.0355692,279.16656,269.482,7.796719
2023-04-03 18:00:00,44,50.75,4.25,-4.140909,-1.9715136,277.2911,268.23944,8.809591
2023-04-03 18:00:00,45,50.75,4.25,-3.1459196,-2.3867717,280.5377,272.53052,8.290096
2023-04-03 18:00:00,46,50.75,4.25,-1.8375316,-2.0424507,278.8826,270.4334,8.45217
2023-04-03 18:00:00,47,50.75,4.25,-2.932194,-1.739356,279.23615,271.0842,9.049661
2023-04-03 18:00:00,48,50.75,4.25,-5.549961,-2.7640276,276.76703,266.83926,9.165224
2023-04-03 18:00:00,49,50.75,4.25,-5.7227764,-2.216569,277.64316,267.0837,6.43859
2023-04-03 18:00:00,50,50.75,4.25,-4.975233,-1.2503972,276.91153,264.84103,9.265759
2023-04-04 00:00:00,1,50.75,4.25,-2.4382942,-1.07697,272.50336,267.42902,9.105832
2023-04-04 00:00:00,2,50.75,4.25,-2.4149878,-1.0520959,274.54907,269.65823,9.319784
2023-04-04 00:00:00,3,50.75,4.25,-3.1379855,-0.97908604,273.26157,267.49005,10.68972
2023-04-04 00:00:00,4,50.75,4.25,-1.92927,-1.9397302,272.96384,267.86432,8.836067
2023-04-04 00:00:00,5,50.75,4.25,-2.3534982,-1.1545861,274.31998,269.69434,4.355243
2023-04-04 00:00:00,6,50.75,4.25,-2.477469,-1.3289347,273.5738,268.9765,7.0160456
2023-04-04 00:00:00,7,50.75,4.25,-3.194516,-1.1089838,274.19678,268.89426,9.940173
2023-04-04 00:00:00,8,50.75,4.25,-2.2957277,-1.7052695,274.19025,271.1971,7.9502063
2023-04-04 00:00:00,9,50.75,4.25,-2.9815342,-0.8892632,273.28033,266.19247,5.2514796
2023-04-04 00:00:00,10,50.75,4.25,-4.023137,-1.492228,273.22174,266.32172,7.4024467
2023-04-04 00:00:00,11,50.75,4.25,-1.8350523,-1.1801511,273.70926,270.3526,7.0607677
2023-04-04 00:00:00,12,50.75,4.25,-2.2491148,-1.4413284,273.8442,270.32394,7.746272
2023-04-04 00:00:00,13,50.75,4.25,-2.5848277,-0.1716015,273.51846,267.46027,6.646102
2023-04-04 00:00:00,14,50.75,4.25,-3.8937113,-2.117994,274.27716,268.3916,6.8360825
2023-04-04 00:00:00,15,50.75,4.25,-3.7496574,-2.1762638,274.48422,269.29715,7.8446617
2023-04-04 00:00:00,16,50.75,4.25,-2.180435,-1.0990802,273.3983,270.4357,9.383111
2023-04-04 00:00:00,17,50.75,4.25,-3.0948436,-1.102535,273.85022,268.79968,8.3530655
2023-04-04 00:00:00,18,50.75,4.25,-2.856324,-1.2536216,274.68478,269.33557,5.9892197
2023-04-04 00:00:00,19,50.75,4.25,-2.5302806,-1.3968775,274.01825,269.63876,9.768797
2023-04-04 00:00:00,20,50.75,4.25,-3.17716,-1.8264152,274.25134,268.94498,6.5884995
2023-04-04 00:00:00,21,50.75,4.25,-2.71103,-1.0306766,275.09943,269.9514,9.715845
2023-04-04 00:00:00,22,50.75,4.25,-3.9785073,-1.9887873,275.27646,267.83853,7.13769
2023-04-04 00:00:00,23,50.75,4.25,-1.6255417,-2.234303,272.425,267.57175,7.7230167
2023-04-04 00:00:00,24,50.75,4.25,-2.4821799,-1.3839799,274.2914,270.38754,10.518344
2023-04-04 00:00:00,25,50.75,4.25,-2.9416158,-0.85471594,275.38086,270.42654,12.143018
2023-04-04 00:00:00,26,50.75,4.25,-2.5736704,-1.2768834,274.51953,271.16187,8.030349
2023-04-04 00:00:00,27,50.75,4.25,-2.3034139,-1.0083361,274.40283,271.15555,10.578093
2023-04-04 00:00:00,28,50.75,4.25,-2.3036618,-1.2100921,274.55508,269.80066,7.515147
2023-04-04 00:00:00,29,50.75,4.25,-2.5684636,-0.22664678,272.05392,265.4262,7.3859887
2023-04-04 00:00:00,30,50.75,4.25,-3.2773287,-1.475415,273.96942,269.51437,7.7394743
2023-04-04 00:00:00,31,50.75,4.25,-3.6085784,-1.6177497,274.5661,269.01462,8.787766
2023-04-04 00:00:00,32,50.75,4.25,-3.2711303,-0.95720613,274.7937,269.24185,8.023193
2023-04-04 00:00:00,33,50.75,4.25,-3.0045927,-2.398748,274.7186,269.94394,7.662552
2023-04-04 00:00:00,34,50.75,4.25,-3.4017951,-0.68566465,274.6059,269.55423,8.870414
2023-04-04 00:00:00,35,50.75,4.25,-3.0159981,-1.3303165,275.44897,269.70697,8.248952
2023-04-04 00:00:00,36,50.75,4.25,-3.69511,-1.4726512,273.16766,266.463,6.1291113
2023-04-04 00:00:00,37,50.75,4.25,-2.4323437,-0.90883994,274.02374,269.73505,6.1527247
2023-04-04 00:00:00,38,50.75,4.25,-2.0066278,-1.1039169,273.4351,268.52228,6.099058
2023-04-04 00:00:00,39,50.75,4.25,-3.177904,-1.5758324,275.43344,270.72113,8.298326
2023-04-04 00:00:00,40,50.75,4.25,-2.7821891,-1.5663894,273.57306,268.3572,12.065738
2023-04-04 00:00:00,41,50.75,4.25,-3.101538,-1.1036866,274.61642,268.99112,9.349837
2023-04-04 00:00:00,42,50.75,4.25,-1.6761217,1.1614621,273.41754,269.04184,9.7823925
2023-04-04 00:00:00,43,50.75,4.25,-2.2121716,-1.7464958,273.64417,268.41397,7.796719
2023-04-04 00:00:00,44,50.75,4.25,-3.1543496,-1.3135035,272.65735,266.99142,8.809591
2023-04-04 00:00:00,45,50.75,4.25,-2.9049203,-1.4993677,275.06912,270.70193,8.290096
2023-04-04 00:00:00,46,50.75,4.25,-1.9218318,-0.8613951,274.59088,269.90097,8.45217
2023-04-04 00:00:00,47,50.75,4.25,-3.5056827,-0.63752884,274.08685,269.29373,9.049661
2023-04-04 00:00:00,48,50.75,4.25,-3.083934,-2.4924862,272.70493,266.51114,9.165224
2023-04-04 00:00:00,49,50.75,4.25,-2.1610954,-1.6126828,273.00565,267.27856,6.43859
2023-04-04 00:00:00,50,50.75,4.25,-3.1707137,-1.4238244,271.9047,266.50684,9.265759
2023-04-04 06:00:00,1,50.75,4.25,-2.4082932,-0.9827711,270.81873,268.32712,9.105832
2023-04-04 06:00:00,2,50.75,4.25,-2.417963,-1.2193047,272.30682,269.7617,9.319784
2023-04-04 06:00:00,3,50.75,4.25,-2.9567401,-1.1875212,269.89853,267.4809,10.68972
2023-04-04 06:00:00,4,50.75,4.25,-1.8221593,-2.1615236,271.70963,269.31436,8.836067
2023-04-04 06:00:00,5,50.75,4.25,-1.8467054,-1.0368952,271.83008,270.02878,4.355243
2023-04-04 06:00:00,6,50.75,4.25,-2.4122603,-1.2543125,271.16678,269.0318,7.0160456
2023-04-04 06:00:00,7,50.75,4.25,-2.2967196,-0.7773301,271.69086,269.44934,9.940173
2023-04-04 06:00:00,8,50.75,4.25,-1.866045,-2.094502,272.52365,270.95065,7.9502063
2023-04-04 06:00:00,9,50.75,4.25,-0.8963454,-1.265598,270.51376,267.73422,5.2514796
2023-04-04 06:00:00,10,50.75,4.25,-2.1977909,-2.3321872,271.83783,267.33273,7.4024467
2023-04-04 06:00:00,11,50.75,4.25,-2.0594394,-1.0555507,271.84485,270.1176,7.0607677
2023-04-04 06:00:00,12,50.75,4.25,-2.133574,-0.74071,271.67807,269.8998,7.746272
2023-04-04 06:00:00,13,50.75,4.25,-1.4120638,0.77199924,270.3748,268.47128,6.646102
2023-04-04 06:00:00,14,50.75,4.25,-3.1816232,-2.4109547,271.5644,268.44318,6.8360825
2023-04-04 06:00:00,15,50.75,4.25,-3.0375693,-2.4931772,272.1696,268.769,7.8446617
2023-04-04 06:00:00,16,50.75,4.25,-2.095143,-0.6872769,271.36508,269.52325,9.383111
2023-04-04 06:00:00,17,50.75,4.25,-2.49904,-1.2782652,271.26794,268.83893,8.3530655
2023-04-04 06:00:00,18,50.75,4.25,-2.4878826,-1.2536216,272.05643,269.30948,5.9892197
2023-04-04 06:00:00,19,50.75,4.25,-1.8072827,-1.8172026,271.60495,269.766,9.768797
2023-04-04 06:00:00,20,50.75,4.25,-2.75318,-1.8059171,272.16483,269.3662,6.5884995
2023-04-04 06:00:00,21,50.75,4.25,-2.2325027,-0.85264313,272.21768,269.9468,9.715845
2023-04-04 06:00:00,22,50.75,4.25,-3.152366,-2.3741045,272.59625,269.00085,7.13769
2023-04-04 06:00:00,23,50.75,4.25,-2.0400999,-2.3400178,271.00952,268.63547,7.7230167
2023-04-04 06:00:00,24,50.75,4.25,-2.0936553,-1.6060036,273.15213,270.4314,10.518344
2023-04-04 06:00:00,25,50.75,4.25,-2.4068055,-0.012914419,272.00308,270.47324,12.143018
2023-04-04 06:00:00,26,50.75,4.25,-2.376309,-1.2616826,272.09146,270.4079,8.030349
2023-04-04 06:00:00,27,50.75,4.25,-1.7609177,-1.2222987,271.5962,270.2752,10.578093
2023-04-04 06:00:00,28,50.75,4.25,-1.9833214,-1.2123952,272.47858,270.1113,7.515147
2023-04-04 06:00:00,29,50.75,4.25,-2.4754856,-0.88327503,269.78888,266.98483,7.3859887
2023-04-04 06:00:00,30,50.75,4.25,-2.89054,-1.4466257,271.6598,269.32782,7.7394743
2023-04-04 06:00:00,31,50.75,4.25,-2.858555,-1.6916808,272.24896,269.29947,8.787766
2023-04-04 06:00:00,32,50.75,4.25,-2.3004386,-1.7886435,272.53717,269.3694,8.024624
2023-04-04 06:00:00,33,50.75,4.25,-2.7226832,-2.5286458,272.0061,269.83936,7.662552
2023-04-04 06:00:00,34,50.75,4.25,-2.350027,-0.67460954,271.83533,269.672,8.870414
2023-04-04 06:00:00,35,50.75,4.25,-2.4576337,-2.0622578,273.13812,269.93362,8.248952
2023-04-04 06:00:00,36,50.75,4.25,-2.5711908,-1.7587025,271.5351,268.3234,6.128038
2023-04-04 06:00:00,37,50.75,4.25,-1.3498306,-1.1004621,272.06818,270.3675,6.1527247
2023-04-04 06:00:00,38,50.75,4.25,-1.3262761,-1.3531177,271.23264,269.31494,6.099058
2023-04-04 06:00:00,39,50.75,4.25,-2.6664004,-1.6665765,272.97336,270.444,8.298326
2023-04-04 06:00:00,40,50.75,4.25,-2.0093553,-1.8761632,271.48026,269.02377,12.065738
2023-04-04 06:00:00,41,50.75,4.25,-2.26052,-1.1366216,271.7925,269.24414,9.349837
2023-04-04 06:00:00,42,50.75,4.25,-0.08706391,2.3597913,271.7011,269.05386,9.7823925
2023-04-04 06:00:00,43,50.75,4.25,-2.3611844,-1.962301,271.72916,268.96933,7.796719
2023-04-04 06:00:00,44,50.75,4.25,-2.5459008,-1.5000587,270.72635,267.45367,8.809591
2023-04-04 06:00:00,45,50.75,4.25,-2.2332466,-1.9682893,272.71646,270.44257,8.290096
2023-04-04 06:00:00,46,50.75,4.25,-1.1876767,-1.0064936,271.90543,270.105,8.45217
2023-04-04 06:00:00,47,50.75,4.25,-3.1159189,-0.6322316,271.5739,269.53787,9.049661
2023-04-04 06:00:00,48,50.75,4.25,-2.6832604,-2.5512166,270.5343,266.3094,9.165224
2023-04-04 06:00:00,49,50.75,4.25,-1.4423127,-1.6548305,270.96796,269.00085,6.43859
2023-04-04 06:00:00,50,50.75,4.25,-2.918061,-2.5599685,271.67206,268.16092,9.265759
2023-04-04 12:00:00,1,50.75,4.25,-2.091672,-1.8231907,280.27805,271.50375,9.105832
2023-04-04 12:00:00,2,50.75,4.25,-3.2912133,-3.19702,281.4789,271.20084,9.319784
2023-04-04 12:00:00,3,50.75,4.25,-3.1595562,-1.2172318,277.8848,268.9143,10.68972
2023-04-04 12:00:00,4,50.75,4.25,-2.536479,-3.624024,281.02872,271.0071,8.836067
2023-04-04 12:00:00,5,50.75,4.25,-1.8772023,-2.9904275,281.70126,272.45572,4.355243
2023-04-04 12:00:00,6,50.75,4.25,-2.087209,-1.6009368,280.86597,272.44284,7.0160456
2023-04-04 12:00:00,7,50.75,4.25,-1.9855528,-1.3798342,282.16098,272.66263,9.940173
2023-04-04 12:00:00,8,50.75,4.25,-2.6019356,-3.816337,281.9449,270.95554,7.9502063
2023-04-04 12:00:00,9,50.75,4.25,-1.5325634,-4.1643434,280.1814,269.40805,5.2514796
2023-04-04 12:00:00,10,50.75,4.25,-2.5783813,-2.9706202,278.7186,269.91043,7.4024467
2023-04-04 12:00:00,11,50.75,4.25,-2.3225055,-2.7990355,280.81262,271.8849,7.0607677
2023-04-04 12:00:00,12,50.75,4.25,-1.8454659,-1.5161808,281.43536,272.20697,7.746272
2023-04-04 12:00:00,13,50.75,4.25,-0.44360387,-0.49404258,281.6254,271.76193,6.646102
2023-04-04 12:00:00,14,50.75,4.25,-3.887265,-3.3543253,278.649,269.5098,6.8360825
2023-04-04 12:00:00,15,50.75,4.25,-3.4357631,-3.448524,278.82327,270.75925,7.8446617
2023-04-04 12:00:00,16,50.75,4.25,-2.2937443,-2.2340727,280.84268,272.4394,9.383111
2023-04-04 12:00:00,17,50.75,4.25,-2.5506117,-2.0926595,280.40698,271.64386,8.3530655
2023-04-04 12:00:00,18,50.75,4.25,-2.6396227,-2.3418603,281.053,271.77255,5.9892197
2023-04-04 12:00:00,19,50.75,4.25,-2.15093,-3.3821936,281.0024,271.7903,9.768797
2023-04-04 12:00:00,20,50.75,4.25,-2.7469816,-2.6018858,280.3286,271.71924,6.5884995
2023-04-04 12:00:00,21,50.75,4.25,-2.393169,-0.9058459,281.61087,271.24527,9.715845
2023-04-04 12:00:00,22,50.75,4.25,-4.52026,-2.9680867,280.24,271.5791,7.13769
2023-04-04 12:00:00,23,50.75,4.25,-3.063851,-2.953577,278.6282,267.66058,7.7230167
2023-04-04 12:00:00,24,50.75,4.25,-2.3777964,-2.4858072,282.07837,272.18777,10.518344
2023-04-04 12:00:00,25,50.75,4.25,-2.875663,-1.3655548,281.38928,271.2762,12.143018
2023-04-04 12:00:00,26,50.75,4.25,-2.2332466,-2.9282422,282.18103,273.18503,8.030349
2023-04-04 12:00:00,27,50.75,4.25,-1.7160404,-1.7815037,281.81168,273.17386,10.578093
2023-04-04 12:00:00,28,50.75,4.25,-1.3552852,-2.554441,282.33176,271.71866,7.515147
2023-04-04 12:00:00,29,50.75,4.25,-1.9818337,-1.9277538,280.89426,271.81265,7.3859887
2023-04-04 12:00:00,30,50.75,4.25,-3.5840323,-2.640809,279.9921,270.92603,7.7394743
2023-04-04 12:00:00,31,50.75,4.25,-3.0013697,-1.852671,280.0304,271.47452,8.787766
2023-04-04 12:00:00,32,50.75,4.25,-2.9584758,-2.389305,280.05994,271.40143,8.024624
2023-04-04 12:00:00,33,50.75,4.25,-3.2820394,-3.6272488,280.54547,271.44385,7.662552
2023-04-04 12:00:00,34,50.75,4.25,-2.6840043,-1.80799,279.9936,270.33167,8.870414
2023-04-04 12:00:00,35,50.75,4.25,-2.7759907,-2.873197,280.32135,271.67426,8.248952
2023-04-04 12:00:00,36,50.75,4.25,-3.3224542,-3.0042462,280.75778,270.47296,6.128038
2023-04-04 12:00:00,37,50.75,4.25,-1.2394965,-3.135065,280.891,272.26086,6.1527247
2023-04-04 12:00:00,38,50.75,4.25,-1.8122416,-2.3508425,280.8299,272.0746,6.099058
2023-04-04 12:00:00,39,50.75,4.25,-3.216335,-2.756197,281.24707,272.9363,8.298326
2023-04-04 12:00:00,40,50.75,4.25,-1.7678602,-2.4590907,280.65387,272.15567,12.065738
2023-04-04 12:00:00,41,50.75,4.25,-1.9964623,-1.5164111,281.89957,273.2091,9.349837
2023-04-04 12:00:00,42,50.75,4.25,1.0631373,0.85491276,282.483,272.47864,9.7823925
2023-04-04 12:00:00,43,50.75,4.25,-2.4211862,-3.4077582,279.41394,271.1507,7.796719
2023-04-04 12:00:00,44,50.75,4.25,-2.9200447,-2.5415435,277.81317,268.21423,8.809591
2023-04-04 12:00:00,45,50.75,4.25,-2.4447408,-2.8589177,280.96262,273.10794,8.290096
2023-04-04 12:00:00,46,50.75,4.25,-0.31120312,-2.2140355,281.62766,272.34854,8.45217
2023-04-04 12:00:00,47,50.75,4.25,-3.0906284,-1.5025922,281.6111,271.8204,9.049661
2023-04-04 12:00:00,48,50.75,4.25,-2.8518608,-3.0348783,277.7248,270.48584,9.165224
2023-04-04 12:00:00,49,50.75,4.25,-1.4095845,-2.978221,280.9183,271.27075,6.43859
2023-04-04 12:00:00,50,50.75,4.25,-2.634416,-3.2449255,279.9633,272.1898,9.265759
2023-04-04 18:00:00,1,50.75,4.25,-1.1757755,-1.6124525,278.13644,271.98575,9.105832
2023-04-04 18:00:00,2,50.75,4.25,-1.6292608,-2.2976398,279.1981,271.85193,9.319784
2023-04-04 18:00:00,3,50.75,4.25,-0.8980808,-1.1571196,276.44504,269.50235,10.68972
2023-04-04 18:00:00,4,50.75,4.25,-1.0029602,-2.3683465,279.8739,272.23163,8.836067
2023-04-04 18:00:00,5,50.75,4.25,-1.8975337,-2.226933,279.97006,273.11597,4.355243
2023-04-04 18:00:00,6,50.75,4.25,-1.3431361,-1.2752712,278.65298,273.75244,7.0160456
2023-04-04 18:00:00,7,50.75,4.25,-0.97147155,-1.6949053,280.01688,275.59537,9.940173
2023-04-04 18:00:00,8,50.75,4.25,-1.94613,-2.8474016,279.3759,270.9263,7.9502063
2023-04-04 18:00:00,9,50.75,4.25,0.46361446,-4.2477174,278.29645,270.71912,5.2514796
2023-04-04 18:00:00,10,50.75,4.25,-2.0391083,-2.26125,276.78506,268.4131,7.4024467
2023-04-04 18:00:00,11,50.75,4.25,-1.5665314,-1.5604013,278.5864,271.7943,7.0607677
2023-04-04 18:00:00,12,50.75,4.25,-1.3778479,-1.2738893,278.54208,272.30325,7.746272
2023-04-04 18:00:00,13,50.75,4.25,-0.22442353,-1.210783,280.7851,273.704,6.646102
2023-04-04 18:00:00,14,50.75,4.25,-2.898226,-2.7343173,276.5542,269.0808,6.8360825
2023-04-04 18:00:00,15,50.75,4.25,-2.6116054,-3.4715557,278.01724,270.14398,7.8446617
2023-04-04 18:00:00,16,50.75,4.25,-1.2179255,-1.7630786,278.99478,272.9939,9.383111
2023-04-04 18:00:00,17,50.75,4.25,-1.1061039,-1.7515627,279.29276,272.93744,8.3530655
2023-04-04 18:00:00,18,50.75,4.25,-1.4309075,-1.9254507,279.4277,273.39767,5.9892197
2023-04-04 18:00:00,19,50.75,4.25,-1.9478657,-1.9984605,278.55533,270.4122,9.768797
2023-04-04 18:00:00,20,50.75,4.25,-1.4735534,-2.81677,278.65274,271.40402,6.5884995
2023-04-04 18:00:00,21,50.75,4.25,-1.4472716,-0.7220545,279.42145,274.10492,9.715845
2023-04-04 18:00:00,22,50.75,4.25,-2.850125,-3.190341,278.54108,271.28882,7.13769
2023-04-04 18:00:00,23,50.75,4.25,-1.1742878,-3.599841,279.292,271.7069,7.7230167
2023-04-04 18:00:00,24,50.75,4.25,-1.2977629,-2.3853898,280.20218,272.62106,10.518344
2023-04-04 18:00:00,25,50.75,4.25,-1.4217336,-1.4880824,278.50803,271.81467,12.143018
2023-04-04 18:00:00,26,50.75,4.25,-2.1392765,-2.8312798,280.14258,272.73398,8.030349
2023-04-04 18:00:00,27,50.75,4.25,-1.1499896,-1.7607753,279.8093,273.21457,10.578093
2023-04-04 18:00:00,28,50.75,4.25,-0.2943431,-2.4938684,280.31436,272.53452,7.515147
2023-04-04 18:00:00,29,50.75,4.25,-1.1904042,-1.4694269,279.28323,273.77594,7.3859887
2023-04-04 18:00:00,30,50.75,4.25,-2.8523567,-3.0392542,277.1707,270.0881,7.7394743
2023-04-04 18:00:00,31,50.75,4.25,-1.241976,-2.2858937,278.41586,271.77942,8.787766
2023-04-04 18:00:00,32,50.75,4.25,-1.7787695,-2.5562835,278.62546,270.57068,8.024624
2023-04-04 18:00:00,33,50.75,4.25,-1.7333963,-2.7449117,279.47153,271.6516,7.662552
2023-04-04 18:00:00,34,50.75,4.25,-0.515259,-1.9365058,278.80875,271.9244,8.870414
2023-04-04 18:00:00,35,50.75,4.25,-1.8719954,-2.2870452,278.7722,271.57425,8.248952
2023-04-04 18:00:00,36,50.75,4.25,-1.4906614,-2.0392263,279.74646,271.74445,6.128038
2023-04-04 18:00:00,37,50.75,4.25,-1.6124008,-2.291882,279.89844,272.50272,6.1527247
2023-04-04 18:00:00,38,50.75,4.25,-0.66997457,-1.543358,278.86182,272.63626,6.099058
2023-04-04 18:00:00,39,50.75,4.25,-1.832077,-2.238679,279.31104,272.86752,8.298326
2023-04-04 18:00:00,40,50.75,4.25,-0.8028712,-1.8317124,278.7682,272.6139,12.065738
2023-04-04 18:00:00,41,50.75,4.25,-0.7168356,-1.848986,280.26276,274.00232,9.349837
2023-04-04 18:00:00,42,50.75,4.25,0.8005671,1.2040703,280.48837,274.1273,9.7823925
2023-04-04 18:00:00,43,50.75,4.25,-1.3699138,-2.8398013,278.98477,270.44574,7.796719
2023-04-04 18:00:00,44,50.75,4.25,-1.8965418,-2.2534194,276.06696,266.90173,8.809591
2023-04-04 18:00:00,45,50.75,4.25,-1.8900952,-2.1675117,279.6603,272.936,8.290096
2023-04-04 18:00:00,46,50.75,4.25,-0.4264959,-1.8720175,279.29324,273.04062,8.45217
2023-04-04 18:00:00,47,50.75,4.25,-1.8258784,-1.7801218,279.0704,272.51532,9.049661
2023-04-04 18:00:00,48,50.75,4.25,-2.3227534,-3.1894197,277.54977,269.38083,9.165224
2023-04-04 18:00:00,49,50.75,4.25,-0.8281615,-2.5906005,280.0935,272.56863,6.43859
2023-04-04 18:00:00,50,50.75,4.25,-2.1075401,-2.9049807,279.17355,271.9975,9.265759
2023-04-05 00:00:00,1,50.75,4.25,-2.0581996,-0.35631418,271.99384,270.21103,9.105832
2023-04-05 00:00:00,2,50.75,4.25,-1.9319975,-0.8712986,274.0518,271.18622,9.319784
2023-04-05 00:00:00,3,50.75,4.25,-1.160403,-0.85010964,273.11456,269.86026,10.68972
2023-04-05 00:00:00,4,50.75,4.25,-1.6818244,-1.3222555,276.9591,271.80463,8.836067
2023-04-05 00:00:00,5,50.75,4.25,-2.0222483,-1.081346,273.82043,271.3983,4.355243
2023-04-05 00:00:00,6,50.75,4.25,-2.2374616,1.4661688,272.34085,270.57153,7.0160456
2023-04-05 00:00:00,7,50.75,4.25,-2.0378685,0.021402538,275.05963,273.7493,9.940173
2023-04-05 00:00:00,8,50.75,4.25,-1.8764584,-1.6407812,274.2784,270.66037,7.9502063
2023-04-05 00:00:00,9,50.75,4.25,0.520641,-2.2462795,271.628,270.1222,5.2514796
2023-04-05 00:00:00,10,50.75,4.25,-0.23806036,-1.3356137,274.90863,270.51624,7.4024467
2023-04-05 00:00:00,11,50.75,4.25,-1.53901,0.20381206,273.692,269.7207,7.0607677
2023-04-05 00:00:00,12,50.75,4.25,-1.8038116,0.86942255,272.12704,270.48615,7.746272
2023-04-05 00:00:00,13,50.75,4.25,-0.018384099,0.77545404,275.75546,272.89932,6.646102
2023-04-05 00:00:00,14,50.75,4.25,-2.3787882,-1.551419,271.36133,268.4108,6.8360825
2023-04-05 00:00:00,15,50.75,4.25,-1.988528,-2.525882,274.52753,270.05515,7.8446617
2023-04-05 00:00:00,16,50.75,4.25,-2.3517625,0.78144217,272.48785,270.56436,9.383111
2023-04-05 00:00:00,17,50.75,4.25,-1.2340417,-1.5592496,273.72702,271.58426,8.3530655
2023-04-05 00:00:00,18,50.75,4.25,-2.2669666,-1.0034995,272.47232,270.97217,5.9892197
2023-04-05 00:00:00,19,50.75,4.25,-2.078035,-1.2720468,272.25397,270.1073,9.768797
2023-04-05 00:00:00,20,50.75,4.25,-1.5509112,-1.1589621,272.61203,270.54404,6.5884995
2023-04-05 00:00:00,21,50.75,4.25,0.1402986,0.5280956,276.34286,272.8578,9.715845
2023-04-05 00:00:00,22,50.75,4.25,-3.191045,-2.0122795,273.86023,268.81888,7.13769
2023-04-05 00:00:00,23,50.75,4.25,-1.06321,-3.6551166,277.15216,272.20813,7.7230167
2023-04-05 00:00:00,24,50.75,4.25,-1.5114884,-1.277344,273.40527,271.77655,10.518344
2023-04-05 00:00:00,25,50.75,4.25,-2.4196985,0.04351276,272.06042,270.22134,12.143018
2023-04-05 00:00:00,26,50.75,4.25,-1.7336442,-0.6524993,273.72452,270.08636,8.030349
2023-04-05 00:00:00,27,50.75,4.25,-2.1194413,0.9696096,272.7903,270.5079,10.578093
2023-04-05 00:00:00,28,50.75,4.25,-1.1785028,-1.6034702,274.31046,272.6993,7.515147
2023-04-05 00:00:00,29,50.75,4.25,-1.9530725,0.82980835,272.64157,270.79593,7.3859887
2023-04-05 00:00:00,30,50.75,4.25,-2.2840745,-1.6921415,272.41574,269.16705,7.7394743
2023-04-05 00:00:00,31,50.75,4.25,-1.878442,-0.85655844,272.90826,270.84607,8.787766
2023-04-05 00:00:00,32,50.75,4.25,-1.5414894,-1.5604013,273.62262,271.52295,8.024624
2023-04-05 00:00:00,33,50.75,4.25,-2.6207793,-1.4583716,274.3167,270.34628,7.662552
2023-04-05 00:00:00,34,50.75,4.25,-0.70865345,-1.630417,272.80734,271.5556,8.870414
2023-04-05 00:00:00,35,50.75,4.25,-1.5992599,-0.9581274,272.70844,270.79706,8.248952
2023-04-05 00:00:00,36,50.75,4.25,-1.148006,-2.2220964,276.06595,272.5847,6.128038
2023-04-05 00:00:00,37,50.75,4.25,-0.44533956,-1.845301,274.7276,273.03116,6.1527247
2023-04-05 00:00:00,38,50.75,4.25,-1.9689407,-1.0548596,272.54996,270.76755,6.099058
2023-04-05 00:00:00,39,50.75,4.25,-1.9882803,-0.7418616,273.65115,272.02042,8.298326
2023-04-05 00:00:00,40,50.75,4.25,-1.5427291,-1.8554349,272.5642,271.08105,12.065738
2023-04-05 00:00:00,41,50.75,4.25,-2.018529,-0.014526606,273.58832,272.06772,9.349837
2023-04-05 00:00:00,42,50.75,4.25,0.8511472,2.1354642,276.76355,272.3471,9.7823925
2023-04-05 00:00:00,43,50.75,4.25,-1.1804864,-1.5145686,273.95288,271.1398,7.796719
2023-04-05 00:00:00,44,50.75,4.25,-1.9163771,-0.6769127,270.49274,266.53436,8.809591
2023-04-05 00:00:00,45,50.75,4.25,-2.626482,-0.19555426,274.2501,270.293,8.290096
2023-04-05 00:00:00,46,50.75,4.25,-0.62931216,-2.2032106,272.4643,271.18793,8.45217
2023-04-05 00:00:00,47,50.75,4.25,-1.7772818,-0.36230236,272.55997,270.7922,9.049661
2023-04-05 00:00:00,48,50.75,4.25,-1.1993299,-1.5995548,271.7472,269.48544,9.165224
2023-04-05 00:00:00,49,50.75,4.25,-1.0490773,-1.5371394,274.1134,272.6529,6.43859
2023-04-05 00:00:00,50,50.75,4.25,-2.158616,-1.8918246,274.01022,271.12576,9.265759
2023-04-05 06:00:00,1,50.75,4.25,-1.7455454,-0.10020381,271.19583,269.9835,9.105832
2023-04-05 06:00:00,2,50.75,4.25,-1.933733,-0.2833043,272.4996,271.2404,9.319784
2023-04-05 06:00:00,3,50.75,4.25,-1.6719067,-0.85955256,270.57712,269.24127,10.68972
2023-04-05 06:00:00,4,50.75,4.25,-2.524082,-0.41274136,273.19922,270.58844,8.836067
2023-04-05 06:00:00,5,50.75,4.25,-2.2506025,-0.6764521,271.70886,270.22995,4.355243
2023-04-05 06:00:00,6,50.75,4.25,-0.4493066,0.9115702,272.60278,270.922,7.0160456
2023-04-05 06:00:00,7,50.75,4.25,0.44501883,1.4767634,273.3239,272.37863,9.940173
2023-04-05 06:00:00,8,50.75,4.25,-2.0405958,-0.97010374,271.72165,270.12247,7.9502063
2023-04-05 06:00:00,9,50.75,4.25,-0.8100617,-1.4348795,271.5421,270.36005,5.2514796
2023-04-05 06:00:00,10,50.75,4.25,-1.2558606,-2.4072697,274.8315,271.25214,7.4024467
2023-04-05 06:00:00,11,50.75,4.25,-1.564796,-0.2098338,271.70963,269.2771,7.0607677
2023-04-05 06:00:00,12,50.75,4.25,-0.6831155,1.0241942,271.473,270.14655,7.746272
2023-04-05 06:00:00,13,50.75,4.25,0.22162342,1.7473835,273.7363,272.30325,6.646102
2023-04-05 06:00:00,14,50.75,4.25,-2.4784608,-2.111545,269.31638,267.14417,6.8360825
2023-04-05 06:00:00,15,50.75,4.25,-2.5682156,-2.5256517,271.52158,268.8868,7.8446617
2023-04-05 06:00:00,16,50.75,4.25,-1.1462705,1.2856019,271.54913,269.79666,9.383111
2023-04-05 06:00:00,17,50.75,4.25,-1.8052993,-0.24184757,272.1283,271.04123,8.3530655
2023-04-05 06:00:00,18,50.75,4.25,-1.4886777,0.5246409,271.47702,269.87402,5.9892197
2023-04-05 06:00:00,19,50.75,4.25,-1.326524,-0.20154244,271.56992,270.538,9.768797
2023-04-05 06:00:00,20,50.75,4.25,-2.3510187,-0.42379647,271.34607,269.6955,6.5884995
2023-04-05 06:00:00,21,50.75,4.25,-0.0659889,1.4265547,274.32047,272.49957,9.715845
2023-04-05 06:00:00,22,50.75,4.25,-3.3757613,-1.8478345,271.62625,269.16705,7.13769
2023-04-05 06:00:00,23,50.75,4.25,-1.0942028,-2.4687638,273.00916,272.2577,7.7230167
2023-04-05 06:00:00,24,50.75,4.25,-1.1844535,-0.8683045,272.51663,271.94705,10.518344
2023-04-05 06:00:00,25,50.75,4.25,-1.7351317,0.5264834,271.56842,269.79007,12.143018
2023-04-05 06:00:00,26,50.75,4.25,-0.96899223,0.6485504,271.7845,269.6694,8.030349
2023-04-05 06:00:00,27,50.75,4.25,-1.2742083,0.59350514,271.5276,269.62473,10.578093
2023-04-05 06:00:00,28,50.75,4.25,-0.6238575,-1.1152022,272.05392,271.44757,7.515147
2023-04-05 06:00:00,29,50.75,4.25,-1.2332981,1.0923675,270.94293,269.43616,7.3859887
2023-04-05 06:00:00,30,50.75,4.25,-2.6949139,-1.7418895,270.6024,268.3572,7.7394743
2023-04-05 06:00:00,31,50.75,4.25,-2.669128,-1.3052123,270.99326,269.3897,8.787766
2023-04-05 06:00:00,32,50.75,4.25,-1.9302619,-0.963655,272.31833,271.3146,8.024624
2023-04-05 06:00:00,33,50.75,4.25,-2.3207698,-1.6608186,272.94482,269.86542,7.662552
2023-04-05 06:00:00,34,50.75,4.25,-1.1234598,-0.24184757,271.62274,270.92773,8.870414
2023-04-05 06:00:00,35,50.75,4.25,-1.8295975,-0.5587611,271.51508,270.02075,8.248952
2023-04-05 06:00:00,36,50.75,4.25,-1.3875177,-2.0730824,274.0796,272.47263,6.128038
2023-04-05 06:00:00,37,50.75,4.25,-1.5791764,-1.4919977,274.22632,273.4037,6.1527247
2023-04-05 06:00:00,38,50.75,4.25,-1.2999942,0.16627067,271.47952,270.3701,6.099058
2023-04-05 06:00:00,39,50.75,4.25,-2.383747,-0.6154186,271.56314,270.4936,8.298326
2023-04-05 06:00:00,40,50.75,4.25,-0.21153057,1.741856,271.53635,270.54028,12.065738
2023-04-05 06:00:00,41,50.75,4.25,-0.7180753,1.224338,271.99957,270.88733,9.349837
2023-04-05 06:00:00,42,50.75,4.25,1.0100777,3.0387602,275.8296,271.71753,9.7823925
2023-04-05 06:00:00,43,50.75,4.25,-2.2124195,-1.2298992,271.3701,269.55823,7.796719
2023-04-05 06:00:00,44,50.75,4.25,-1.1120546,-1.1204995,269.93787,267.23587,8.809591
2023-04-05 06:00:00,45,50.75,4.25,-1.857367,1.0695664,271.74518,269.57513,8.290096
2023-04-05 06:00:00,46,50.75,4.25,-1.0361843,-0.5511607,271.4928,270.94693,8.45217
2023-04-05 06:00:00,47,50.75,4.25,-1.4713218,-0.1075739,271.02805,270.10614,9.049661
2023-04-05 06:00:00,48,50.75,4.25,-1.7073624,-1.2011098,271.3413,270.16977,9.165224
2023-04-05 06:00:00,49,50.75,4.25,-1.0436227,0.21740061,272.0076,271.37106,6.43859
2023-04-05 06:00:00,50,50.75,4.25,-2.7291298,-0.9500663,271.5907,269.94165,9.265759
2023-04-05 12:00:00,1,50.75,4.25,-0.76840734,0.22223723,282.338,274.02182,9.105832
2023-04-05 12:00:00,2,50.75,4.25,-1.4192541,-2.022183,281.36023,272.22647,9.319784
2023-04-05 12:00:00,3,50.75,4.25,-1.9200962,-1.916929,279.63953,269.13297,10.68972
2023-04-05 12:00:00,4,50.75,4.25,-2.4373024,-0.22204047,280.66864,271.79318,8.836067
2023-04-05 12:00:00,5,50.75,4.25,-2.4363108,-2.2978702,282.57037,273.53696,4.355243
2023-04-05 12:00:00,6,50.75,4.25,-0.5514585,0.082436025,282.26263,273.073,7.0160456
2023-04-05 12:00:00,7,50.75,4.25,0.42394376,-0.8989364,282.58264,275.4733,9.940173
2023-04-05 12:00:00,8,50.75,4.25,-2.536975,-1.5071986,281.1624,270.78186,7.9502063
2023-04-05 12:00:00,9,50.75,4.25,-0.6112125,-0.89640296,280.77307,273.22314,5.422498
2023-04-05 12:00:00,10,50.75,4.25,-3.1481512,-2.478437,279.02032,270.45605,7.536256
2023-04-05 12:00:00,11,50.75,4.25,-1.9265428,-0.81533206,281.58282,271.8548,7.0607677
2023-04-05 12:00:00,12,50.75,4.25,-1.058747,-0.6257828,282.2376,273.49423,7.746272
2023-04-05 12:00:00,13,50.75,4.25,1.6780325,-0.048152626,284.26828,275.36066,6.646102
2023-04-05 12:00:00,14,50.75,4.25,-3.3085692,-2.3517637,278.24536,268.83807,6.8360825
2023-04-05 12:00:00,15,50.75,4.25,-6.272216,-3.9252763,278.3598,268.3959,7.8446617
2023-04-05 12:00:00,16,50.75,4.25,-1.657526,-0.17091054,282.26715,272.72482,9.383111
2023-04-05 12:00:00,17,50.75,4.25,-2.6363995,-0.60689694,282.95874,271.22232,8.3530655
2023-04-05 12:00:00,18,50.75,4.25,-1.4866943,-1.3070548,281.87305,271.7906,5.9892197
2023-04-05 12:00:00,19,50.75,4.25,-0.6397257,-1.6396296,281.13937,271.67883,9.768797
2023-04-05 12:00:00,20,50.75,4.25,-3.2158391,-1.2186137,281.92062,270.46722,6.5884995
2023-04-05 12:00:00,21,50.75,4.25,-0.57600474,-0.4974973,282.7722,273.17932,9.751623
2023-04-05 12:00:00,22,50.75,4.25,-4.519268,-3.0194473,280.9208,271.95422,7.13769
2023-04-05 12:00:00,23,50.75,4.25,-2.8917792,-2.5323308,280.4,270.12592,7.7230167
2023-04-05 12:00:00,24,50.75,4.25,-0.884444,-1.9263719,280.1994,273.2882,10.733369
2023-04-05 12:00:00,25,50.75,4.25,-0.61567545,-0.14373338,281.90033,273.23032,12.143018
2023-04-05 12:00:00,26,50.75,4.25,-1.5370264,-2.3787107,282.62347,273.14893,8.030349
2023-04-05 12:00:00,27,50.75,4.25,-2.0329096,-2.10049,281.42032,271.7542,10.578093
2023-04-05 12:00:00,28,50.75,4.25,0.73758996,-1.3199524,281.54828,272.5414,7.515147
2023-04-05 12:00:00,29,50.75,4.25,-0.740638,0.0315364,283.11923,273.6493,7.3859887
2023-04-05 12:00:00,30,50.75,4.25,-3.8775952,-1.6041611,280.40775,271.15958,7.7394743
2023-04-05 12:00:00,31,50.75,4.25,-4.377445,0.44172752,279.308,269.78003,8.787766
2023-04-05 12:00:00,32,50.75,4.25,-2.10878,-1.7764368,281.73557,271.88916,8.024624
2023-04-05 12:00:00,33,50.75,4.25,-3.3442729,-3.4153585,281.0237,269.56424,7.662552
2023-04-05 12:00:00,34,50.75,4.25,-0.23508501,-0.36437517,280.24374,271.44785,8.885798
2023-04-05 12:00:00,35,50.75,4.25,-2.7635937,-1.1333971,281.73984,271.406,8.248952
2023-04-05 12:00:00,36,50.75,4.25,-2.3269684,-2.157608,281.03348,273.40512,6.2922587
2023-04-05 12:00:00,37,50.75,4.25,-2.6356556,-1.2310507,280.44104,272.6142,6.3198075
2023-04-05 12:00:00,38,50.75,4.25,-2.3396134,-1.0811157,282.974,271.9528,6.099058
2023-04-05 12:00:00,39,50.75,4.25,-2.6059027,-0.15271565,281.38852,272.22244,8.298326
2023-04-05 12:00:00,40,50.75,4.25,1.5394331,1.3353499,283.55466,274.54138,12.065738
2023-04-05 12:00:00,41,50.75,4.25,-0.92609835,-0.3675996,283.85815,273.0237,9.349837
2023-04-05 12:00:00,42,50.75,4.25,2.8656728,2.2563796,284.35443,276.25247,9.7823925
2023-04-05 12:00:00,43,50.75,4.25,-3.340058,-1.4431709,280.2267,269.9537,7.796719
2023-04-05 12:00:00,44,50.75,4.25,-2.7417748,-2.1907735,279.4928,268.1168,8.809591
2023-04-05 12:00:00,45,50.75,4.25,-2.6284654,-0.98991084,281.55853,271.29742,8.290096
2023-04-05 12:00:00,46,50.75,4.25,-1.1752796,-1.0845704,281.3472,272.57437,8.45217
2023-04-05 12:00:00,47,50.75,4.25,-0.8745265,-0.5679737,283.73395,276.0811,9.049661
2023-04-05 12:00:00,48,50.75,4.25,-2.0197687,-3.1638546,281.0753,271.76825,9.169874
2023-04-05 12:00:00,49,50.75,4.25,-1.4683466,-1.4035567,282.55637,272.51303,6.43859
2023-04-05 12:00:00,50,50.75,4.25,-3.73726,-1.412539,281.57556,271.925,9.265759
2023-04-05 18:00:00,1,50.75,4.25,-0.9945302,-0.31669998,280.90277,274.13443,9.105832
2023-04-05 18:00:00,2,50.75,4.25,-1.7351317,-1.2877083,280.2555,273.05753,9.337316
2023-04-05 18:00:00,3,50.75,4.25,-2.5768936,-1.5539525,276.75928,268.26523,10.68972
2023-04-05 18:00:00,4,50.75,4.25,-1.8060431,-0.8298419,278.5471,274.17484,8.836067
2023-04-05 18:00:00,5,50.75,4.25,-1.7636452,-1.1925881,280.87897,274.8053,4.355243
2023-04-05 18:00:00,6,50.75,4.25,-1.109575,-1.362791,280.2903,275.18903,7.0160456
2023-04-05 18:00:00,7,50.75,4.25,-1.1988342,-1.320413,280.37042,276.9769,9.940173
2023-04-05 18:00:00,8,50.75,4.25,-0.80187964,-1.2197653,279.75473,272.9105,7.9502063
2023-04-05 18:00:00,9,50.75,4.25,-1.4804957,-0.37865472,278.90964,274.3015,5.4282227
2023-04-05 18:00:00,10,50.75,4.25,-1.2709851,-1.2738893,278.51328,271.57394,7.5448427
2023-04-05 18:00:00,11,50.75,4.25,-1.3456156,-0.9076884,280.18015,274.49036,7.0607677
2023-04-05 18:00:00,12,50.75,4.25,-1.6679397,-1.0401195,279.71817,275.0692,7.746272
2023-04-05 18:00:00,13,50.75,4.25,1.4199252,-0.33351296,282.09213,278.16788,6.68832
2023-04-05 18:00:00,14,50.75,4.25,-2.4677992,-1.7018147,278.2103,270.20444,6.8360825
2023-04-05 18:00:00,15,50.75,4.25,-4.2408295,-1.7301434,276.53568,267.1347,7.8446617
2023-04-05 18:00:00,16,50.75,4.25,-1.7795134,-0.62486154,278.88187,273.95706,9.383111
2023-04-05 18:00:00,17,50.75,4.25,-1.619343,-0.6174914,279.40317,273.14978,8.3530655
2023-04-05 18:00:00,18,50.75,4.25,-1.9483616,-0.560143,279.1951,275.10074,5.9892197
2023-04-05 18:00:00,19,50.75,4.25,-1.3228049,-0.3537807,279.0639,274.507,9.787759
2023-04-05 18:00:00,20,50.75,4.25,-1.7797613,-0.66839105,279.72617,272.50674,6.5884995
2023-04-05 18:00:00,21,50.75,4.25,-1.0775907,-0.66378474,280.91653,275.11795,9.772374
2023-04-05 18:00:00,22,50.75,4.25,-3.2431128,-1.890673,280.46332,273.55472,7.13769
2023-04-05 18:00:00,23,50.75,4.25,-2.0165455,-1.1184267,280.37894,271.71722,7.7230167
2023-04-05 18:00:00,24,50.75,4.25,-0.6179069,-0.83536947,279.44098,273.47217,10.77344
2023-04-05 18:00:00,25,50.75,4.25,-0.58542657,-1.8681022,280.1919,276.0834,12.143018
2023-04-05 18:00:00,26,50.75,4.25,-1.3344581,-1.9397302,281.58383,274.6087,8.030349
2023-04-05 18:00:00,27,50.75,4.25,-2.0066278,-1.4010233,277.83395,270.771,10.578093
2023-04-05 18:00:00,28,50.75,4.25,1.0847082,-1.7584722,280.15936,272.4984,7.515147
2023-04-05 18:00:00,29,50.75,4.25,-0.320377,0.10984349,282.97876,273.62234,7.3859887
2023-04-05 18:00:00,30,50.75,4.25,-2.4797006,-1.2497063,278.60693,271.81668,7.7394743
2023-04-05 18:00:00,31,50.75,4.25,-2.1836581,-0.8563281,276.96585,268.69452,8.787766
2023-04-05 18:00:00,32,50.75,4.25,-1.275944,-1.7490293,280.07095,273.1796,8.024624
2023-04-05 18:00:00,33,50.75,4.25,-4.390587,-1.6218954,279.12924,269.64133,7.662552
2023-04-05 18:00:00,34,50.75,4.25,-1.7614136,-0.20591843,278.43817,272.04993,8.885798
2023-04-05 18:00:00,35,50.75,4.25,-1.4710739,-1.2639859,278.70557,273.48163,8.248952
2023-04-05 18:00:00,36,50.75,4.25,-1.1618907,-0.79345214,279.21313,275.8639,6.348788
2023-04-05 18:00:00,37,50.75,4.25,-1.9414191,-1.0801944,279.85614,272.40643,6.3670344
2023-04-05 18:00:00,38,50.75,4.25,-1.3845425,-0.8266175,280.269,275.15692,6.099058
2023-04-05 18:00:00,39,50.75,4.25,-1.6381867,-0.6893497,279.4455,274.31412,8.298326
2023-04-05 18:00:00,40,50.75,4.25,1.7653079,1.7199761,281.53525,275.3042,12.065738
2023-04-05 18:00:00,41,50.75,4.25,-2.4888742,-0.0585168,281.39478,274.16882,9.349837
2023-04-05 18:00:00,42,50.75,4.25,1.0899149,1.4051354,282.3981,277.3116,9.7823925
2023-04-05 18:00:00,43,50.75,4.25,-0.62088215,-1.7794309,277.30212,271.5966,7.796719
2023-04-05 18:00:00,44,50.75,4.25,-1.5030584,-2.0659428,278.1595,269.81842,8.809591
2023-04-05 18:00:00,45,50.75,4.25,-1.1854453,-1.6693403,279.36887,273.86908,8.290096
2023-04-05 18:00:00,46,50.75,4.25,-1.7767861,-0.34410745,279.0168,274.18716,8.45217
2023-04-05 18:00:00,47,50.75,4.25,-1.8100102,-1.2559247,281.1757,277.39874,9.049661
2023-04-05 18:00:00,48,50.75,4.25,-2.0435712,-1.5341454,280.21594,271.87512,9.169874
2023-04-05 18:00:00,49,50.75,4.25,-1.1147819,-1.2301295,280.62308,274.8139,6.43859
2023-04-05 18:00:00,50,50.75,4.25,-3.0737684,-1.2126255,279.30627,271.90036,9.265759
2023-04-06 00:00:00,1,50.75,4.25,0.61163557,1.5928422,273.46762,272.01785,9.105832
2023-04-06 00:00:00,2,50.75,4.25,-1.368674,-1.0590054,276.7052,273.78424,9.337316
2023-04-06 00:00:00,3,50.75,4.25,-1.6287649,-1.5772142,270.86682,268.7587,10.68972
2023-04-06 00:00:00,4,50.75,4.25,-2.5659842,0.2782038,272.83966,271.14496,8.836067
2023-04-06 00:00:00,5,50.75,4.25,-1.9260468,0.43619996,274.2203,271.98087,4.355243
2023-04-06 00:00:00,6,50.75,4.25,-1.7718272,1.0810821,274.4712,272.77322,7.0160456
2023-04-06 00:00:00,7,50.75,4.25,-1.2903244,1.1550132,274.8811,273.55786,9.940173
2023-04-06 00:00:00,8,50.75,4.25,-1.4772725,-0.7059324,275.43246,272.6841,7.9505644
2023-04-06 00:00:00,9,50.75,4.25,-0.3774035,1.4470527,272.53317,270.82657,5.4282227
2023-04-06 00:00:00,10,50.75,4.25,-1.0823016,-2.1417165,272.30405,270.013,7.5448427
2023-04-06 00:00:00,11,50.75,4.25,-0.8227067,1.6679248,272.7783,271.08966,7.0607677
2023-04-06 00:00:00,12,50.75,4.25,-2.7132614,-0.031339645,274.5721,271.27936,7.746272
2023-04-06 00:00:00,13,50.75,4.25,0.9671838,0.8721863,280.27454,278.15097,6.68832
2023-04-06 00:00:00,14,50.75,4.25,-1.440825,-2.18087,274.46695,270.78387,6.8360825
2023-04-06 00:00:00,15,50.75,4.25,-3.033106,-2.8600693,273.7055,267.1181,7.8446617
2023-04-06 00:00:00,16,50.75,4.25,-1.9327412,0.016335607,273.50745,271.55762,9.383111
2023-04-06 00:00:00,17,50.75,4.25,-1.8162086,1.0511411,273.98395,270.3861,8.3530655
2023-04-06 00:00:00,18,50.75,4.25,-1.5278525,1.4263244,273.9569,270.73114,5.9892197
2023-04-06 00:00:00,19,50.75,4.25,-1.8759627,-0.49933982,275.22763,273.17615,9.794914
2023-04-06 00:00:00,20,50.75,4.25,-2.3537462,0.13218409,272.9651,270.16574,6.5884995
2023-04-06 00:00:00,21,50.75,4.25,-2.1697733,0.36618418,278.00574,272.98044,9.772374
2023-04-06 00:00:00,22,50.75,4.25,-3.3415453,-0.62532216,275.57544,271.1272,7.13769
2023-04-06 00:00:00,23,50.75,4.25,-2.06539,-0.62048554,277.9266,272.41388,7.7230167
2023-04-06 00:00:00,24,50.75,4.25,-1.7919104,-0.5707375,277.11935,273.6573,10.77344
2023-04-06 00:00:00,25,50.75,4.25,-0.3863294,1.7084602,274.13116,273.06354,12.143018
2023-04-06 00:00:00,26,50.75,4.25,-1.402642,-1.2234504,274.66852,273.3521,8.030349
2023-04-06 00:00:00,27,50.75,4.25,-2.2342381,0.043052137,272.53967,269.89523,10.578093
2023-04-06 00:00:00,28,50.75,4.25,-1.1589155,-1.223911,273.97418,272.24423,7.515147
2023-04-06 00:00:00,29,50.75,4.25,-0.57600474,2.382132,274.89636,273.2991,7.3859887
2023-04-06 00:00:00,30,50.75,4.25,-2.1370451,-0.6782946,273.12936,270.93604,7.7394743
2023-04-06 00:00:00,31,50.75,4.25,-2.0842335,-0.9915231,271.75394,268.15692,8.791345
2023-04-06 00:00:00,32,50.75,4.25,-2.2677104,-0.81717455,272.909,271.1272,8.024624
2023-04-06 00:00:00,33,50.75,4.25,-3.4055145,-1.2780349,275.86313,269.93192,7.662552
2023-04-06 00:00:00,34,50.75,4.25,-2.1516738,1.7621237,274.18375,271.23694,8.885798
2023-04-06 00:00:00,35,50.75,4.25,-2.0529928,0.048810005,273.89505,271.00137,8.248952
2023-04-06 00:00:00,36,50.75,4.25,-1.8568711,-0.39293426,275.75272,273.46072,6.348788
2023-04-06 00:00:00,37,50.75,4.25,-0.6873305,-1.9005766,276.09573,272.95062,6.3670344
2023-04-06 00:00:00,38,50.75,4.25,-1.984065,0.55435157,274.18274,270.94724,6.099058
2023-04-06 00:00:00,39,50.75,4.25,-1.9835694,-0.3537807,273.98944,272.21643,8.298326
2023-04-06 00:00:00,40,50.75,4.25,2.9432786,1.7729486,278.90588,274.76346,12.065738
2023-04-06 00:00:00,41,50.75,4.25,-1.8640614,2.1142755,276.30032,271.57654,9.349837
2023-04-06 00:00:00,42,50.75,4.25,1.3286828,2.3436694,278.78094,275.54236,9.7823925
2023-04-06 00:00:00,43,50.75,4.25,-1.0247791,-0.47078073,276.08496,271.70865,7.796719
2023-04-06 00:00:00,44,50.75,4.25,-0.20855522,-2.4874194,273.00717,270.4188,8.809234
2023-04-06 00:00:00,45,50.75,4.25,-2.11721,0.43619996,273.27408,271.4321,8.290096
2023-04-06 00:00:00,46,50.75,4.25,-1.2823904,2.2377243,276.32208,271.443,8.45217
2023-04-06 00:00:00,47,50.75,4.25,-1.5072734,1.325907,274.9855,273.0922,9.049661
2023-04-06 00:00:00,48,50.75,4.25,-2.0041485,-0.24576294,274.974,271.68915,9.169874
2023-04-06 00:00:00,49,50.75,4.25,-1.2932999,1.325907,273.91232,272.20697,6.43859
2023-04-06 00:00:00,50,50.75,4.25,-2.124648,-0.06634751,273.63214,271.82098,9.265759
